timestamp,seq,millis,q0,q1,q2,s0_ax,s0_ay,s0_az,s0_gx,s0_gy,s0_gz,s1_ax,s1_ay,s1_az,s1_gx,s1_gy,s1_gz,s2_ax,s2_ay,s2_az,s2_gx,s2_gy,s2_gz
2025-10-19T15:58:20.453,53457,542698,0,0,0,-10.631356239318848,-1.265183448791504,-0.127718448638916,0.0720566362142562,-1.0409516096115112,0.0886860862374305,-10.675837516784668,5.732291221618652,0.1783391535282135,-0.3913004696369171,0.4773606359958648,-0.1609154343605041,10.84502410888672,9.037418365478516,2.714961528778076,0.5525316596031189,0.037135973572731,-0.261500597000122
2025-10-19T15:58:20.463,53458,542707,0,0,0,-10.542771339416504,-1.418412446975708,-0.271370530128479,0.013434886932373,-1.0260295867919922,0.1281225234270095,-10.663866996765137,5.581456661224365,-0.0610810220241546,-0.3779773414134979,0.4403223395347595,-0.1284070312976837,10.955157279968262,8.7836332321167,3.1100049018859863,0.3977169990539551,0.0424652211368083,-0.2836169898509979
2025-10-19T15:58:20.471,53459,542716,0,0,0,-10.379964828491213,-1.509392023086548,-0.1396894454956054,-0.0220046192407608,-0.9881920218467712,0.1672924906015396,-10.417263984680176,5.710743427276611,-0.1113592386245727,-0.2913770377635956,0.3761048913002014,-0.074315145611763,11.00304126739502,7.323169708251953,3.05972671508789,0.2351748794317245,0.0515249483287334,-0.2844163775444031
2025-10-19T15:58:20.480,53460,542725,0,0,0,-10.224342346191406,-1.485450029373169,0.3942176103591919,-0.035061277449131,-0.9143819212913512,0.1912741363048553,-10.25685214996338,5.725108623504639,0.5470461845397949,-0.215435191988945,0.3166837692260742,-0.0247531235218048,10.835447311401367,6.422950267791748,3.335059642791748,0.2226511240005493,0.0640486776828765,-0.2415159046649933
2025-10-19T15:58:20.489,53461,542734,0,0,0,-10.269831657409668,-1.2819429636001587,0.9496723413467408,-0.0289326459169387,-0.7987371683120728,0.1974027603864669,-9.797165870666504,5.174442291259766,1.0737706422805786,-0.2178333848714828,0.2759149968624115,0.012285160832107,10.088456153869627,6.64800500869751,3.1459178924560547,0.349753737449646,0.0230134595185518,-0.2055434882640838
2025-10-19T15:58:20.498,53462,542743,0,0,0,-10.751066207885742,-0.9826676845550536,1.450060486793518,-0.0140107423067092,-0.6444554924964905,0.1851454973220825,-9.720551490783691,4.099445819854736,0.8965996503829956,-0.336142748594284,0.2628583312034607,0.0431948080658912,9.542577743530272,8.24014949798584,2.5784921646118164,0.4355546534061432,-0.0467997081577777,-0.1948849856853485
2025-10-19T15:58:20.510,53463,542752,0,0,0,-11.636920928955078,-0.6786041259765625,1.8594690561294556,0.0182312279939651,-0.4502043128013611,0.1566340029239654,-10.249670028686523,2.9454402923583984,0.6811215281486511,-0.4906909763813019,0.2676546573638916,0.0450600460171699,9.54497241973877,10.43323802947998,2.367802381515503,0.2868685722351074,-0.1230079755187034,-0.1940855979919433
2025-10-19T15:58:20.516,53464,542761,0,0,0,-12.879511833190918,-0.3601753115653991,2.0031208992004395,0.0613981336355209,-0.2117203325033188,0.1241255924105644,-10.874556541442873,2.306188583374023,0.4177593290805816,-0.5026817321777344,0.1887817531824112,0.0538533069193363,9.808334350585938,11.836240768432615,2.322312355041504,-0.0837807208299636,-0.1680401265621185,-0.1839600205421447
2025-10-19T15:58:20.529,53465,542770,0,0,0,-13.91859531402588,-0.1351203322410583,2.0462164878845215,0.0896431505680084,0.0488799549639225,0.0934824049472808,-11.391703605651855,2.114652395248413,-0.0802346169948577,-0.2980386018753052,0.0686071813106536,0.1279298812150955,9.920862197875977,11.876941680908203,2.5377907752990723,-0.4453702867031097,-0.1880248039960861,-0.1471881866455078
2025-10-19T15:58:20.534,53466,542779,0,0,0,-14.447713851928713,-0.1806101649999618,2.086918354034424,0.0987028777599334,0.2913607954978943,0.0713660195469856,-11.40846347808838,2.3492841720581055,-0.4058460295200348,-0.0174535810947418,-0.0403759740293026,0.2062698602676391,10.05254364013672,11.335851669311523,3.0238137245178223,-0.6739951372146606,-0.1669742912054062,-0.0725786983966827
2025-10-19T15:58:20.543,53467,542788,0,0,0,-14.490809440612791,-0.4703085720539093,2.254512310028076,0.0925742536783218,0.5159887075424194,0.0529801100492477,-11.461135864257812,2.6964433193206787,-0.2214925289154052,0.2935081124305725,-0.1720084398984909,0.2758165597915649,10.323087692260742,10.624773979187012,3.3518190383911133,-0.7544668316841125,-0.153651162981987,0.0196173191070556
2025-10-19T15:58:20.552,53468,542797,0,0,0,-14.387859344482422,-0.9180243015289308,2.472384452819824,0.0789846628904342,0.7198324799537659,0.0396569818258285,-11.844207763671877,3.577509641647339,0.0059566348791122,0.4845617115497589,-0.2924494743347168,0.3645485639572143,10.950368881225586,9.872995376586914,3.85220718383789,-0.7187607884407043,-0.1616450399160385,0.1062176302075386
2025-10-19T15:58:20.562,53469,542806,0,0,0,-14.421378135681152,-1.176598072052002,2.414923667907715,0.0664609223604202,0.8914342522621155,0.0284655559808015,-12.0189847946167,4.614199161529541,0.4417013525962829,0.5104085803031921,-0.4030313789844513,0.4237032234668731,11.187395095825195,9.315145492553713,3.959946632385254,-0.6294959187507629,-0.1483219116926193,0.1712344884872436
2025-10-19T15:58:20.587,53470,542815,0,0,0,-14.14125633239746,-1.0377343893051147,2.1539559364318848,0.0574011951684951,1.044650316238403,0.0191393699496984,-11.619153022766112,5.114587306976318,1.210240125656128,0.3603901863098144,-0.479506105184555,0.4284995496273041,10.919243812561035,8.79560375213623,3.87375545501709,-0.5178481340408325,-0.1347323209047317,0.2226617336273193
2025-10-19T15:58:20.587,53471,542824,0,0,0,-13.628896713256836,-0.7983142137527466,2.0725531578063965,0.0422128438949584,1.190671682357788,0.0087473355233669,-11.025391578674316,5.105010509490967,1.7489354610443115,0.0371712259948253,-0.5162779688835144,0.3909283280372619,10.270415306091309,8.465204238891602,3.540961265563965,-0.4240533113479614,-0.1264719814062118,0.27035853266716
2025-10-19T15:58:20.591,53472,542833,0,0,0,-13.020770072937012,-0.6929693222045898,1.9241124391555784,0.0227610766887664,1.3292322158813477,-0.0040428638458251,-10.48190689086914,4.817706108093262,1.5406399965286257,-0.4048900306224823,-0.5293346643447876,0.3536235988140106,9.959169387817385,7.988758087158203,3.294358253479004,-0.2623105645179748,-0.132867082953453,0.330312579870224
2025-10-19T15:58:20.603,53473,542842,0,0,0,-12.55868911743164,-0.6642389297485352,1.4644256830215454,-0.0025528520345687,1.5117590427398682,-0.0168330632150173,-10.058134078979492,4.939810276031494,1.0163097381591797,-0.7528900504112244,-0.5637083053588867,0.3906618952751159,10.177042007446287,8.000728607177734,3.2368974685668945,-0.0845801085233688,-0.1280707567930221,0.3545606434345245
2025-10-19T15:58:20.608,53474,542851,0,0,0,-12.376729011535645,-0.7216997146606445,1.0861419439315796,-0.0297320336103439,1.7273271083831787,-0.0232281610369682,-10.01743221282959,5.550332069396973,0.623660683631897,-0.9077047109603882,-0.5978155136108398,0.4865883886814117,10.399702072143556,8.101285934448242,2.9950833320617676,0.055312693119049,-0.1669742912054062,0.3473661839962005
2025-10-19T15:58:20.616,53475,542860,0,0,0,-12.235471725463867,-0.7647954225540161,0.987979531288147,-0.051049031317234,1.947691559791565,-0.0200306121259927,-10.0748929977417,6.400273323059082,0.3363564610481262,-0.8797261118888855,-0.60234534740448,0.6243494749069214,10.931215286254885,7.813981056213379,3.337453842163086,-0.00144381262362,-0.1840278953313827,0.3383064568042755
2025-10-19T15:58:20.624,53476,542869,0,0,0,-11.943379402160645,-0.6594505310058594,0.9257303476333618,-0.0590429008007049,2.1283531188964844,-0.0147013626992702,-9.93842315673828,7.278945446014404,0.2453768104314804,-0.6812115907669067,-0.6058093905448914,0.7879573702812195,11.49864101409912,7.308804512023926,3.936004638671875,-0.073921613395214,-0.1624444127082824,0.2967382967472076
2025-10-19T15:58:20.635,53477,542878,0,0,0,-11.548336029052734,-0.5588940382003784,1.524280667304993,-0.0499831736087799,2.2346718311309814,-0.0059081008657813,-9.679849624633787,8.054666519165039,0.5302867889404297,-0.3881029188632965,-0.6567037105560303,0.9758134484291076,11.623139381408691,6.494776248931885,4.110781192779541,-0.1418695300817489,-0.1755010783672332,0.2338531613349914
2025-10-19T15:58:20.642,53478,542887,0,0,0,-10.85401725769043,-0.6331142783164978,2.21620512008667,-0.0188070684671401,2.2871649265289307,-0.0093721132725477,-9.399727821350098,8.737014770507812,0.9899735450744628,-0.0547583289444446,-0.7747465968132019,1.1839206218719482,11.639899253845217,5.563431739807129,4.292740345001221,-0.2468557357788086,-0.1858931183815002,0.1480522155761718
2025-10-19T15:58:20.651,53479,542896,0,0,0,-10.461368560791016,-0.6522679328918457,1.6775096654891968,0.0003782212734222,2.3945493698120117,-0.0248269364237785,-8.9232816696167,9.33077621459961,1.452054500579834,0.1783963441848755,-0.981521487236023,1.4581104516983032,11.565678596496582,4.44294548034668,4.4986419677734375,-0.2671068906784057,-0.1896235942840576,0.0238807201385498
2025-10-19T15:58:20.660,53480,542905,0,0,0,-10.248284339904783,-0.5517114400863647,1.450060486793518,-0.0009540915489196,2.5730791091918945,-0.0309555754065513,-8.339097023010254,9.99636459350586,2.0099034309387207,0.3092294037342071,-1.284222960472107,1.831957459449768,11.338229179382324,3.533148765563965,4.551314353942871,-0.2154131829738617,-0.1970845311880111,-0.1218742504715919
2025-10-19T15:58:20.670,53481,542914,0,0,0,-9.630579948425291,-0.6043838262557983,2.232964515686035,0.0089050382375717,2.68472671508789,-0.0296232625842094,-7.93687105178833,10.477599143981934,2.436071395874023,0.4400624930858612,-1.5877236127853394,2.2074029445648193,11.371747970581056,2.8723490238189697,4.491459369659424,-0.1181543841958046,-0.2181350737810135,-0.2756231129169464
2025-10-19T15:58:20.678,53482,542923,0,0,0,-8.905137062072754,-0.6546621322631836,1.8427096605300903,0.0296891033649444,2.7651984691619873,-0.0277580246329307,-7.807583808898926,10.45844554901123,2.778442144393921,0.7153182625770569,-1.8680421113967896,2.5652623176574707,11.481882095336914,2.6832072734832764,4.196972370147705,0.0297322981059551,-0.2279942035675048,-0.4048573970794678
2025-10-19T15:58:20.687,53483,542932,0,0,0,-7.676910877227783,-0.6762099266052246,1.3902055025100708,0.0438116192817688,2.872849225997925,-0.0067074885591864,-8.556968688964844,9.472034454345703,3.4727606773376465,1.1760318279266355,-2.201120138168335,2.9287168979644775,11.163453102111816,3.26739239692688,3.737285614013672,0.2684826850891113,-0.2309252768754959,-0.4600151181221008
2025-10-19T15:58:20.697,53484,542942,0,0,0,-5.953085899353027,-0.8749287128448486,1.825950264930725,0.0877779275178909,2.9181480407714844,0.0564441159367561,-9.220163345336914,7.082620620727539,3.3243203163146973,1.7092232704162598,-2.6261277198791504,3.300698757171631,10.689400672912598,5.580191135406494,3.402097702026367,0.5346786975860596,-0.1765669286251068,-0.3734148144721985
2025-10-19T15:58:20.706,53485,542951,0,0,0,-4.418402671813965,-1.0904067754745483,1.7493356466293335,0.154660016298294,2.8677866458892822,0.1435773521661758,-10.295159339904783,5.344430446624756,3.297983884811402,2.022050380706787,-3.0452733039855957,3.519730806350708,10.411673545837402,8.288033485412598,2.7987585067749023,0.6791013479232788,-0.0737124234437942,-0.2239293754100799
2025-10-19T15:58:20.715,53486,542960,0,0,0,-2.9196321964263916,-1.2795487642288208,0.5426580905914307,0.2034226357936859,2.8768463134765625,0.2371056675910949,-12.94554042816162,4.9781174659729,2.4169178009033203,2.2413487434387207,-3.402599573135376,3.758747816085815,10.375760078430176,10.86180019378662,1.855443239212036,0.6385990381240845,0.0024958499707281,-0.1061529740691185
2025-10-19T15:58:20.724,53487,542969,0,0,0,-1.478322982788086,-1.293913960456848,-0.3072835206985473,0.2010244727134704,2.9176151752471924,0.3077182173728943,-13.342978477478027,5.2654218673706055,1.428112506866455,2.2197654247283936,-3.181701898574829,3.795785903930664,10.70616054534912,13.526546478271484,1.61362886428833,0.4379528164863586,0.0224805362522602,-0.0747103989124298
2025-10-19T15:58:20.733,53488,542978,0,0,0,-0.910897135734558,-1.2867313623428345,-1.0063904523849487,0.1818391978740692,2.888037919998169,0.3399601876735687,-13.156230926513672,7.247820854187012,1.3443154096603394,2.5712294578552246,-2.6948750019073486,3.6164565086364746,10.545748710632324,14.328603744506836,2.147535800933838,0.0867552682757377,-0.037739984691143,-0.1479875743389129
2025-10-19T15:58:20.742,53489,542987,0,0,0,-1.396920084953308,-1.0880125761032104,-1.7677465677261353,0.1607886254787445,2.836344003677368,0.3559479415416717,-10.556127548217772,9.97242259979248,1.938077449798584,2.367652177810669,-1.2860881090164185,3.257797956466675,10.026206970214844,12.432395935058594,3.584056854248047,-0.3931436538696289,-0.0851703062653541,-0.2111392021179199
2025-10-19T15:58:20.752,53490,542996,0,0,0,-1.9044908285140991,-1.0401285886764526,-0.9968136548995972,0.1077626049518585,2.7249627113342285,0.3684716820716858,-5.4109883308410645,10.250149726867676,2.309178590774536,2.4454591274261475,-0.420617938041687,2.9308485984802246,9.281610488891602,9.274444580078123,5.171412467956543,-0.7840441465377808,-0.0899666398763656,-0.2870810031890869
2025-10-19T15:58:20.760,53491,543005,0,0,0,-2.541348457336426,-1.0377343893051147,-0.9872368574142456,0.0422128438949584,2.627703905105591,0.3586125671863556,-2.454148769378662,12.18705940246582,2.8311147689819336,2.450521945953369,-0.3414785861968994,2.6164228916168213,9.171476364135742,5.678353309631348,5.657435417175293,-0.8714438080787659,-0.2106741368770599,-0.3899355232715606
2025-10-19T15:58:20.769,53492,543014,0,0,0,-3.4056551456451416,-0.712122917175293,-1.5546627044677734,-0.0398576036095619,2.654616594314575,0.3418254256248474,-1.8675694465637207,14.916448593139648,3.4248766899108887,1.9066720008850095,-0.2410222142934799,2.4117796421051025,10.325482368469238,2.3408362865448,5.101980686187744,-0.6033825278282166,-0.2967415153980255,-0.4919906556606293
2025-10-19T15:58:20.779,53493,543023,0,0,0,-3.88210129737854,-0.3912999033927917,-2.3088362216949463,-0.1352511644363403,2.686325788497925,0.3412925004959106,-3.162832498550415,15.416837692260742,2.8981523513793945,1.286080837249756,-0.0510344766080379,2.4243035316467285,11.52018928527832,0.8300948143005371,4.80270528793335,-0.0566015467047691,-0.2152039855718612,-0.5231667757034302
2025-10-19T15:58:20.787,53494,543032,0,0,0,-4.059272289276123,-0.2452536076307296,-2.713456153869629,-0.2295788824558258,2.5893332958221436,0.325571209192276,-3.5746352672576904,14.298744201660156,0.0227160453796386,0.8525463938713074,0.2495352029800415,2.56019926071167,12.276756286621094,0.2435154914855957,3.555326461791992,0.533879280090332,-0.1179451942443847,-0.5069125294685364
2025-10-19T15:58:20.796,53495,543041,0,0,0,-4.5141706466674805,-0.0561116784811019,-3.0821633338928223,-0.3111163973808288,2.4108033180236816,0.2626860737800598,-2.370351791381836,13.860605239868164,-2.898210048675537,0.4664422571659088,0.2084999829530716,2.460275888442993,12.779539108276367,1.71834397315979,2.6239819526672363,0.5853065252304077,-0.1435255855321884,-0.4666766822338104
2025-10-19T15:58:20.806,53496,543050,0,0,0,-4.770349979400635,-0.0130160450935363,-3.1228647232055664,-0.4238300323486328,2.182711601257324,0.1728882193565368,-2.020798444747925,13.178258895874023,-3.791247129440307,-0.1163111627101898,0.1754586398601532,2.153311014175415,11.910443305969238,3.959316730499267,0.9983189702033995,0.280739963054657,-0.2746251225471496,-0.5319600105285645
2025-10-19T15:58:20.814,53497,543059,0,0,0,-4.844570636749268,-0.3482042849063873,-2.7182445526123047,-0.5320137739181519,1.9388983249664309,0.0836232900619506,-2.035163640975952,10.989957809448242,-3.0705924034118652,-0.4032912850379944,0.3345367312431335,1.8151702880859375,10.220137596130373,5.498788356781006,-1.9800678491592407,-0.0872447341680526,-0.5474827289581299,-0.7320733666419983
2025-10-19T15:58:20.825,53498,543068,0,0,0,-5.14863395690918,-0.7384591102600098,-2.179549217224121,-0.595698356628418,1.730791091918945,0.0311301816254854,-2.190786600112915,9.256555557250977,-2.8239896297454834,-0.3526633977890014,0.5183958411216736,1.5638961791992188,9.552154541015623,6.700677871704102,-2.408629894256592,-0.4477684497833252,-0.8126128911972046,-0.9724225401878356
2025-10-19T15:58:20.834,53499,543077,0,0,0,-5.6825408935546875,-0.6857867240905762,-1.4948076009750366,-0.6018269658088684,1.553860068321228,0.0295314062386751,-2.231487989425659,9.893413543701172,-3.0203142166137695,0.1405586749315261,0.5564999580383301,1.4090814590454102,9.858613014221191,6.279297828674316,-1.0870307683944702,-0.5924575924873352,-0.8762974739074707,-1.2314239740371704
2025-10-19T15:58:20.842,53500,543087,0,0,0,-6.1685638427734375,-0.1135725155472755,-0.6089529395103455,-0.5514655709266663,1.3641388416290283,0.0484502464532852,-2.7151167392730713,12.002705574035645,-2.373879909515381,0.3566597402095794,0.6729440689086914,1.361917495727539,10.471529006958008,4.938545227050781,1.1778841018676758,-0.5125188827514648,-0.8581779599189758,-1.4107532501220703
2025-10-19T15:58:20.851,53501,543096,0,0,0,-6.132650852203369,0.4658242762088775,-0.21390962600708,-0.479787141084671,1.2210484743118286,0.0423216149210929,-3.7446234226226807,13.75765609741211,-1.507178783416748,0.2362186908721923,0.8874463438987732,1.300098180770874,10.75404453277588,4.785316467285156,2.1786603927612305,-0.1719797849655151,-0.848318874835968,-1.4525878429412842
2025-10-19T15:58:20.860,53502,543105,0,0,0,-6.01772928237915,0.8273488283157349,-0.0463155508041381,-0.423297107219696,1.1456395387649536,-0.0008453149348497,-4.738217353820801,13.82948112487793,-0.401057630777359,-0.0976587831974029,1.0201447010040283,1.284643530845642,11.060502052307127,5.759756088256836,2.4587819576263428,0.1459099501371383,-0.7963586449623108,-1.457650661468506
2025-10-19T15:58:20.869,53503,543114,0,0,0,-6.139833450317383,1.0476152896881104,0.0949423313140869,-0.331367552280426,1.068631887435913,-0.0797182098031044,-5.973625659942627,13.240507125854492,-0.5949879884719849,-0.3049665987491607,1.0001599788665771,1.3030294179916382,11.237672805786133,7.021500587463379,2.5066661834716797,0.3247062861919403,-0.7065607905387878,-1.4978865385055542
2025-10-19T15:58:20.879,53504,543123,0,0,0,-6.846123218536377,1.109864592552185,-0.3838980197906494,-0.2354410588741302,1.02093505859375,-0.1450015157461166,-6.627242565155029,12.957992553710938,0.8535040616989136,-0.2865807116031647,0.8911768198013306,1.2963677644729614,11.048531532287598,7.725396156311035,2.963958740234375,0.4403509795665741,-0.6109008193016052,-1.5061469078063965
2025-10-19T15:58:20.887,53505,543132,0,0,0,-7.516499519348144,1.188873291015625,-1.3535497188568115,-0.1586998701095581,1.0057467222213743,-0.1700489968061447,-6.313601970672607,13.293180465698242,2.0817294120788574,-0.284981906414032,0.8501416444778442,1.269188642501831,10.655881881713867,7.960027694702148,3.8162941932678223,0.4856496155261993,-0.551479697227478,-1.4147502183914185
2025-10-19T15:58:20.903,53506,543141,0,0,0,-7.775073528289795,1.088316798210144,-2.009561061859131,-0.1014104336500167,0.9705736041069032,-0.1519295424222946,-6.009538650512695,12.97714614868164,1.595706582069397,-0.2743234038352966,0.7773973941802979,1.308358669281006,10.0956392288208,8.611250877380371,4.194578170776367,0.5027031898498535,-0.5791917443275452,-1.3499996662139893
2025-10-19T15:58:20.906,53507,543151,0,0,0,-7.92830228805542,0.5424387454986572,-2.404604196548462,-0.0449203923344612,0.8839733600616455,-0.1074303016066551,-6.0933356285095215,11.79440975189209,1.7297818660736084,-0.4499222040176391,0.7057189345359802,1.3715102672576904,9.70059585571289,9.5761137008667,2.8849499225616455,0.5360109806060791,-0.726545512676239,-1.384106993675232
2025-10-19T15:58:20.916,53508,543160,0,0,0,-7.980974674224853,-0.2452536076307296,-2.8523199558258057,-0.0198729187250137,0.8160253763198853,-0.0544042736291885,-6.210651397705078,11.303598403930664,1.1982691287994385,-0.6273861527442932,0.5863437652587891,1.3656480312347412,9.762845039367676,10.260855674743652,1.7716461420059204,0.3633433282375335,-0.818475067615509,-1.4421957731246948
2025-10-19T15:58:20.924,53509,543169,0,0,0,-8.237154960632324,-0.8821113109588623,-3.1228647232055664,-0.0193399935960769,0.7709932923316956,0.0082144103944301,-6.641607761383057,10.513511657714844,0.4871911704540252,-0.5303938388824463,0.4858874380588531,1.386698603630066,9.69341278076172,10.493093490600586,1.194643497467041,0.1626970767974853,-0.8637736439704895,-1.5072126388549805
2025-10-19T15:58:20.933,53510,543178,0,0,0,-8.72796630859375,-1.2125110626220703,-2.6583895683288574,-0.0190735310316085,0.6761326193809509,0.0655038431286811,-7.560981273651123,11.10487937927246,-0.8104661703109741,-0.0496955402195453,0.4667021334171295,1.400821089744568,9.880160331726074,10.778003692626951,0.9791653752326964,-0.0699246674776077,-0.887488842010498,-1.4888267517089844
2025-10-19T15:58:20.944,53511,543187,0,0,0,-9.573119163513184,-0.8845055103302002,-2.471642017364502,-0.0193399935960769,0.6217742562294006,0.0974793434143066,-8.003908157348633,12.12002182006836,-0.477672129869461,0.4280716776847839,0.538114070892334,1.4373265504837036,10.385336875915527,10.617591857910156,0.988742172718048,-0.1557255834341049,-0.7896971106529236,-1.3779783248901367
2025-10-19T15:58:20.952,53512,543196,0,0,0,-9.747896194458008,-0.2356768101453781,-2.4596710205078125,-0.0331960394978523,0.6127145290374756,0.11000307649374,-8.202627182006836,12.349864959716797,0.4967679977416992,0.6516336798667908,0.614055871963501,1.5359175205230713,10.270415306091309,10.368595123291016,0.4931424260139465,-0.036883320659399,-0.6852437853813171,-1.3153597116470337
2025-10-19T15:58:20.960,53513,543205,0,0,0,-9.776626586914062,0.7028502225875854,-2.6559953689575195,-0.0358606651425361,0.5807390809059143,0.0924165546894073,-8.23135757446289,12.18705940246582,0.8295620679855347,0.6271191835403442,0.6550910472869873,1.5793509483337402,9.66707706451416,10.421266555786133,0.3183656930923462,0.0350615456700325,-0.5962453484535217,-1.2999048233032229
2025-10-19T15:58:20.969,53514,543214,0,0,0,-9.831692695617676,1.2415456771850586,-3.048644542694092,-0.02706740796566,0.5458324551582336,0.0505819469690322,-7.977572441101074,12.450421333312988,1.155173420906067,0.5626352429389954,0.5421109795570374,1.5154000520706177,9.477934837341309,11.290362358093262,1.1802783012390137,0.0020201997831463,-0.5434858202934265,-1.262866497039795
2025-10-19T15:58:20.978,53515,543223,0,0,0,-9.690435409545898,1.1984500885009766,-2.9935779571533203,-0.0020199418067932,0.5215843915939331,-0.0040428638458251,-7.642384052276611,13.415285110473633,0.7816779613494873,0.4435265064239502,0.5455750226974487,1.555902361869812,9.770027160644531,11.893701553344728,2.4707531929016113,-0.1815724372863769,-0.5096450448036194,-1.174667477607727
2025-10-19T15:58:20.987,53516,543232,0,0,0,-9.676070213317873,0.7842531204223633,-3.285670280456543,0.0307549536228179,0.4845461249351501,-0.0568024367094039,-7.120448112487793,14.301139831542969,2.582117795944214,0.2522064447402954,0.5583651661872864,1.5790845155715942,10.03099536895752,11.67582893371582,3.2584452629089355,-0.3073427379131317,-0.4835316836833954,-1.1117823123931885
2025-10-19T15:58:20.996,53517,543241,0,0,0,-9.580302238464355,0.1617606878280639,-3.680713653564453,0.0368835926055908,0.4285889863967895,-0.0653292313218116,-6.502744197845459,13.89891242980957,2.713798761367798,-0.0366388745605945,0.5866101980209351,1.5495071411132812,9.88255500793457,11.09164333343506,3.560114860534668,-0.3632998466491699,-0.4811335504055023,-1.0896658897399902
2025-10-19T15:58:21.006,53518,543251,0,0,0,-9.324122428894045,-0.6043838262557983,-3.709444046020508,0.0240933895111084,0.3299978673458099,-0.0202970746904611,-5.478025913238525,13.379371643066406,2.381004810333252,-0.2748563289642334,0.6217833161354065,1.4908853769302368,9.564126014709473,10.873771667480469,3.9695234298706055,-0.3968741297721863,-0.4984536170959472,-1.0957945585250854
2025-10-19T15:58:21.017,53519,543260,0,0,0,-9.106249809265137,-1.296308159828186,-3.424534320831299,0.0006446838378906,0.2130208313465118,0.0575099736452102,-4.814831733703613,12.91010856628418,1.6603500843048096,-0.4552514553070068,0.6721446514129639,1.3576542139053345,9.039795875549316,10.296768188476562,3.4380106925964355,-0.3046781122684479,-0.5919819474220276,-1.1101834774017334
2025-10-19T15:58:21.024,53520,543269,0,0,0,-9.108644485473633,-1.9164063930511477,-4.516290187835693,-0.0425222292542457,0.2370024621486663,0.1387810260057449,-4.956089973449707,12.503093719482422,0.602112889289856,-0.5029482245445251,0.7574126720428467,1.1983096599578855,8.948816299438477,10.143539428710938,2.6455297470092773,-0.170381024479866,-0.6951029300689697,-1.082737922668457
2025-10-19T15:58:21.035,53521,543278,0,0,0,-8.67289924621582,-1.9547135829925537,-4.659942150115967,-0.1136677116155624,0.2617834806442261,0.1795497834682464,-5.32719087600708,12.697023391723633,0.0131392329931259,-0.4672422707080841,0.8770543336868286,1.139155030250549,9.444416046142578,10.327893257141112,1.58010995388031,0.01907379925251,-0.6948364973068237,-1.0409033298492432
2025-10-19T15:58:21.043,53522,543287,0,0,0,-8.177299499511719,-1.360951542854309,-4.260110378265381,-0.1658943593502044,0.1823776662349701,0.1457090377807617,-5.942501068115234,13.309940338134766,-0.4369706809520721,-0.261799693107605,0.9839057326316832,1.110909938812256,9.78199863433838,10.438026428222656,-0.1389268636703491,0.2692820727825165,-0.6689895987510681,-1.00679612159729
2025-10-19T15:58:21.052,53523,543296,0,0,0,-8.203636169433594,-0.6043838262557983,-4.533049583435059,-0.2114594429731369,0.1821111887693405,0.0492496341466903,-6.258535385131836,13.628368377685549,-1.3347963094711304,-0.2540722787380218,1.0638445615768433,1.120236039161682,9.695807456970217,10.414084434509276,-1.2785667181015017,0.3580140769481659,-0.5778594017028809,-0.9769523739814758
2025-10-19T15:58:21.060,53524,543305,0,0,0,-8.469391822814941,0.0396564006805419,-4.913727760314941,-0.2426355481147766,0.2234128713607788,-0.0578682795166969,-5.94728946685791,13.245296478271484,-1.5670338869094849,-0.2839160859584808,0.995363712310791,1.1538103818893433,9.382166862487791,10.193818092346191,-1.8603578805923464,0.3212422728538513,-0.4883280396461487,-0.9377824068069458
2025-10-19T15:58:21.069,53525,543314,0,0,0,-8.689659118652344,0.4682184755802154,-5.02864933013916,-0.2370398342609405,0.2194159477949142,-0.1290137767791748,-5.571399688720703,12.67547607421875,-1.2126920223236084,-0.3737139105796814,0.8056424260139465,1.2452070713043213,9.43005084991455,10.294374465942385,-1.4581319093704224,0.1754872798919677,-0.4246435165405273,-0.90740567445755
2025-10-19T15:58:21.078,53526,543323,0,0,0,-8.802186012268066,0.5400445461273193,-5.095686912536621,-0.2167886793613433,0.2076915949583053,-0.1356753259897232,-5.217057704925537,12.850252151489258,-1.7202627658843994,-0.3270829916000366,0.6705458760261536,1.3374030590057373,9.796363830566406,10.545764923095703,-0.9026771783828736,0.0321304574608802,-0.3761473000049591,-0.8751636743545532
2025-10-19T15:58:21.087,53527,543332,0,0,0,-8.783032417297363,0.2168273031711578,-5.292011260986328,-0.1904089003801345,0.2127543836832046,-0.096238873898983,-4.936936378479004,12.790397644042969,-1.289306402206421,-0.2668624520301819,0.6089930534362793,1.3917614221572876,10.105216026306152,10.392536163330078,-0.6776221990585327,-0.0307546854019165,-0.3042024374008178,-0.8559784293174744
2025-10-19T15:58:21.096,53528,543341,0,0,0,-8.725571632385254,-0.2237057983875274,-5.758880615234375,-0.1648285090923309,0.213820219039917,-0.0517396479845047,-4.462883949279785,13.101644515991213,-1.775329351425171,-0.304433673620224,0.5898078083992004,1.3922942876815796,9.676653861999512,10.414084434509276,-0.7015641927719116,0.0329298451542854,-0.2168027609586715,-0.8677027821540833
2025-10-19T15:58:21.105,53529,543350,0,0,0,-8.3999605178833,-0.7624012231826782,-5.268069267272949,-0.1507059931755066,0.1887727528810501,-0.0075068762525916,-4.180368423461914,13.52302360534668,-2.017143726348877,-0.3507981300354004,0.620983898639679,1.344864010810852,9.315129280090332,10.7277250289917,-0.6608628034591675,0.1419130116701126,-0.107020229101181,-0.8538466691970825
2025-10-19T15:58:21.114,53530,543359,0,0,0,-8.421507835388184,-1.0592821836471558,-4.8251423835754395,-0.1373828649520874,0.1488033831119537,0.0044839344918727,-4.271347999572754,13.89651870727539,-1.3802860975265503,-0.3899681568145752,0.653758704662323,1.266790509223938,9.05894947052002,11.283180236816406,-0.9266191720962524,0.2205194383859634,-0.0686496347188949,-0.822404146194458
2025-10-19T15:58:21.123,53531,543368,0,0,0,-8.991328239440918,-1.0233691930770874,-5.133994102478027,-0.156568169593811,0.202628806233406,-0.0213629249483346,-4.994397163391113,14.061717987060549,-1.466477394104004,-0.5061457753181458,0.72223961353302,1.206303596496582,9.28400421142578,11.94876766204834,-0.6010076999664307,0.2447675168514251,0.0086244866251945,-0.8037517666816711
2025-10-19T15:58:21.132,53532,543377,0,0,0,-9.48692798614502,-0.6857867240905762,-5.150753498077393,-0.1914747506380081,0.2394006252288818,-0.0719907954335212,-5.1428375244140625,14.643510818481444,-0.9541182518005372,-0.5666327476501465,0.7491523027420044,1.1554092168807983,9.36540699005127,12.511404991149902,-0.2825789451599121,0.2831381261348724,0.0914943143725395,-0.799754798412323
2025-10-19T15:58:21.141,53533,543386,0,0,0,-9.925066947937012,-0.2572246193885803,-4.853872776031494,-0.206663116812706,0.2140866965055465,-0.1210198923945427,-6.280083179473877,15.153474807739258,-0.4106344878673553,-0.6561641693115234,0.7142457365989685,1.1799237728118896,9.37498378753662,12.616750717163086,-0.2490601539611816,0.2719466984272003,0.1037515923380851,-0.7683122754096985
2025-10-19T15:58:21.150,53534,543395,0,0,0,-10.233919143676758,0.0061375647783279,-4.925698757171631,-0.2194533050060272,0.2100897580385208,-0.1442021280527115,-6.497955799102783,14.703365325927734,0.501556396484375,-0.8392238616943359,0.646564245223999,1.219093680381775,9.461174964904783,12.34141731262207,0.299212098121643,0.2383724153041839,0.1828909665346145,-0.7080917358398438
2025-10-19T15:58:21.159,53535,543404,0,0,0,-10.023229598999023,0.0468389987945556,-5.16511869430542,-0.2351745963096618,0.1994312405586242,-0.1420704275369644,-5.801242828369141,13.664281845092772,1.3131908178329468,-1.0220171213150024,0.5138659477233887,1.2329497337341309,8.654329299926758,12.27437973022461,1.2904115915298462,0.2261151522397995,0.28361377120018,-0.6835772395133972
2025-10-19T15:58:21.168,53536,543413,0,0,0,-9.640156745910645,0.0013491660356521,-5.428480625152588,-0.2511623501777649,0.1709197759628296,-0.1183552667498588,-5.341556072235107,13.331487655639648,1.7441470623016355,-0.9943049550056458,0.3979548215866089,1.251069188117981,8.326323509216309,12.140304565429688,1.5896868705749512,0.2964612543582916,0.2750869691371918,-0.6814454793930054
2025-10-19T15:58:21.177,53537,543422,0,0,0,-9.352852821350098,-0.0393522679805755,-5.65114164352417,-0.267949491739273,0.1352137923240661,-0.0933077931404113,-5.104530334472656,13.34585189819336,1.1958749294281006,-0.8600078821182251,0.3886286318302154,1.3126220703125,8.206613540649414,12.339022636413574,1.9799416065216064,0.273811936378479,0.2159322947263717,-0.6044378280639648
2025-10-19T15:58:21.186,53538,543431,0,0,0,-8.969780921936035,-0.2308883965015411,-6.055761814117432,-0.2953951358795166,0.1075017005205154,-0.0639969184994697,-4.393452167510986,13.499080657958984,1.2700951099395752,-0.7702100872993469,0.3910267651081085,1.3264780044555664,8.443639755249023,12.530558586120604,2.1379590034484863,0.2034658342599868,0.135993555188179,-0.5516782999038696
2025-10-19T15:58:21.195,53539,543440,0,0,0,-8.60346794128418,-0.5636824369430542,-5.902532577514648,-0.3191102743148803,0.0960438102483749,-0.037883598357439,-4.288107395172119,14.195795059204102,1.1001068353652954,-0.82536780834198,0.3681110143661499,1.3240798711776731,9.54497241973877,12.453944206237791,1.5872926712036133,0.2842039465904236,0.1642385721206665,-0.5450167059898376
2025-10-19T15:58:21.204,53540,543449,0,0,0,-8.627409934997559,-0.8701403141021729,-5.545796871185303,-0.3020566701889038,0.0518110431730747,-0.0277580246329307,-4.2354350090026855,14.851804733276367,0.6547852754592896,-0.9556679725646972,0.363314688205719,1.3382024765014648,9.068526268005373,12.430002212524414,1.316747784614563,0.3761335015296936,0.2268572747707367,-0.5146399140357971
2025-10-19T15:58:21.213,53541,543458,0,0,0,-8.701629638671875,-0.9635140895843506,-5.773245811462402,-0.2828713655471802,0.0941785722970962,-0.0413476079702377,-3.962495803833008,14.593231201171877,1.3634690046310425,-1.0995577573776243,0.3268093466758728,1.2918379306793213,7.974376201629639,12.240859985351562,0.8594552874565125,0.4033127129077911,0.1679690480232238,-0.4738712012767792
2025-10-19T15:58:21.222,53542,543467,0,0,0,-9.276238441467283,-0.7863432168960571,-5.7469096183776855,-0.2548928260803222,0.150402158498764,-0.0650627687573432,-4.046293258666992,14.902084350585938,0.6571794748306274,-1.1669727563858032,0.2948338389396667,1.2409435510635376,8.683059692382812,12.640691757202148,0.6080641150474548,0.5218884348869324,0.2553687691688537,-0.4264408648014068
2025-10-19T15:58:21.231,53543,543476,0,0,0,-9.937037467956545,-0.4008767008781433,-5.531431674957275,-0.1976033896207809,0.1799795031547546,-0.0869126915931701,-4.443730354309082,14.92363166809082,1.250941514968872,-1.0598548650741575,0.2969655096530914,1.251868486404419,8.865018844604492,13.576824188232422,0.442864179611206,0.5173586010932922,0.2524376511573791,-0.3662203252315521
2025-10-19T15:58:21.240,53544,543485,0,0,0,-10.528406143188477,0.0492331981658935,-5.2608866691589355,-0.1261914521455764,0.2060928046703338,-0.086113303899765,-4.505979537963867,14.588443756103516,1.5454283952713013,-0.93834787607193,0.2687205076217651,1.2910385131835938,8.805164337158203,13.715688705444336,-0.0120341777801513,0.3063203394412994,0.247374877333641,-0.3520978093147278
2025-10-19T15:58:21.249,53545,543494,0,0,0,-11.03358268737793,0.4107576310634613,-5.428480625152588,-0.0499831736087799,0.249259740114212,-0.0626646131277084,-4.7884955406188965,14.50943374633789,1.7225992679595947,-0.8951810002326965,0.233813926577568,1.3555225133895874,9.030219078063965,13.351770401000977,0.5697568655014038,0.001487273722887,0.2193963080644607,-0.4339018166065216
2025-10-19T15:58:21.258,53546,543503,0,0,0,-11.004852294921877,0.3173837959766388,-5.957599639892578,0.0198299884796142,0.3153424263000488,-0.0338866598904132,-4.513162612915039,14.45197296142578,1.9093470573425293,-0.8834566473960876,0.1624019891023636,1.4495837688446045,8.924874305725098,12.997427940368652,1.481947660446167,-0.1677163988351822,0.4752002954483032,-0.3926001489162445
2025-10-19T15:58:21.267,53547,543512,0,0,0,-10.918660163879396,0.1330302655696869,-6.62318754196167,0.0755206495523452,0.4072719812393188,-0.0123032005503773,-3.895458221435547,14.262832641601562,2.1008830070495605,-0.9282222986221312,0.0603468418121337,1.5026098489761353,8.21140193939209,12.667028427124023,1.680666446685791,-0.2036888301372528,0.4714698195457458,-0.3459692001342773
2025-10-19T15:58:21.276,53548,543521,0,0,0,-10.454185485839844,-0.142302930355072,-7.0302019119262695,0.103232741355896,0.4917405843734741,0.0058162473142147,-3.732652425765991,14.538164138793944,2.292419195175171,-0.97005695104599,0.0177128482609987,1.527124285697937,8.594473838806152,12.37732982635498,1.7357330322265625,0.0041518993675708,0.4629430472850799,-0.3451698124408722
2025-10-19T15:58:21.285,53549,543530,0,0,0,-9.594667434692385,-0.0968131124973297,-5.95520544052124,0.1008345782756805,0.4171310663223266,0.0345942005515098,-3.955313205718994,14.650691986083984,2.637184381484986,-0.9855117201805116,0.0574157573282718,1.5617644786834717,8.204218864440918,12.758008003234863,2.0852866172790527,0.1493739485740661,0.4837270677089691,-0.2660304605960846
2025-10-19T15:58:21.294,53550,543539,0,0,0,-8.744725227355957,-0.4607317447662353,-5.708602428436279,0.1389387249946594,0.2607176303863525,0.0854885354638099,-3.6871626377105713,14.892507553100586,3.2117927074432373,-0.8989114165306091,0.0344999842345714,1.5007445812225342,7.703831195831299,12.9878511428833,1.8650200366973877,0.2229176014661789,0.3464989066123962,-0.2654975354671478
2025-10-19T15:58:21.303,53551,543548,0,0,0,-8.349681854248047,-0.3769347071647644,-5.763669013977051,0.1567916870117187,0.2724419832229614,0.1307871490716934,-3.562664270401001,15.59161376953125,2.7880189418792725,-0.8474841713905334,-0.0462381467223167,1.480493426322937,7.866637229919434,13.473875045776367,2.6383471488952637,0.1850799322128296,0.3989920020103454,-0.1791636943817138
2025-10-19T15:58:21.313,53552,543558,0,0,0,-7.787044525146484,0.08993461728096,-4.6216349601745605,0.1493307650089264,0.0928462594747543,0.166759580373764,-2.719905138015747,15.34980010986328,3.827102661132813,-0.9514045715332032,-0.1509578973054886,1.4311977624893188,8.407726287841797,13.251213073730469,2.4156863689422607,0.082758329808712,0.3179874420166015,-0.0848359763622284
2025-10-19T15:58:21.323,53553,543567,0,0,0,-8.522065162658691,0.2479519248008728,-5.919291973114014,0.1181546449661254,0.0398202314972877,0.1171975657343864,-2.504427194595337,14.964332580566406,3.6235954761505127,-1.0478639602661133,-0.2047833055257797,1.3557889461517334,8.273651123046875,12.513799667358398,2.3294949531555176,0.1165990605950355,0.313457578420639,-0.0579232610762119
2025-10-19T15:58:21.331,53554,543576,0,0,0,-10.633750915527344,0.2694997489452362,-6.165894985198975,0.0584670603275299,0.1008401364088058,0.0340612679719924,-1.6903984546661377,14.193399429321287,3.9108996391296382,-1.0617201328277588,-0.2588751912117004,1.2803800106048584,8.529830932617188,11.412466049194336,2.3534371852874756,0.2053310871124267,0.3161222040653229,-0.0875005945563316
2025-10-19T15:58:21.340,53555,543585,0,0,0,-12.326451301574709,0.121059238910675,-6.218567371368408,0.0083720982074737,0.0398202314972877,-0.0250933989882469,-1.59702467918396,13.965950012207031,3.901322841644287,-0.9436771273612976,-0.2993775010108948,1.284643530845642,8.285622596740723,10.907289505004885,3.0022659301757812,0.1336526721715927,0.2108695209026336,0.0078929737210273
2025-10-19T15:58:21.349,53556,543594,0,0,0,-13.114143371582031,-0.1877927780151367,-5.969570636749268,-0.0345283523201942,-0.0310587882995605,-0.0517396479845047,-1.0990307331085205,14.459156036376951,3.6714794635772705,-0.8821243047714233,-0.3388139605522156,1.3187506198883057,8.395755767822266,12.231283187866213,3.093245506286621,0.1933402568101883,0.1591757982969284,0.0657153278589248
2025-10-19T15:58:21.359,53557,543603,0,0,0,-13.090201377868652,-0.6594505310058594,-6.065338611602783,-0.061174601316452,-0.0190679728984832,-0.0570688992738723,-0.790178656578064,15.134321212768556,3.6116244792938232,-0.7992544770240784,-0.3659931123256683,1.3424657583236694,8.673482894897461,13.040523529052734,2.1092286109924316,0.3569482266902923,0.0930930897593498,0.026811808347702
2025-10-19T15:58:21.367,53558,543612,0,0,0,-12.70712947845459,-1.052099585533142,-6.6567063331604,-0.0755635797977447,0.0091770440340042,-0.0581347495317459,-0.3687991797924042,15.608373641967772,3.046592712402344,-0.8336281776428223,-0.3715888559818268,1.3464628458023071,9.676653861999512,12.77237319946289,2.013460636138916,0.2908655107021332,0.0541895739734172,-0.0307440888136625
2025-10-19T15:58:21.377,53559,543621,0,0,0,-12.34799861907959,-1.116743087768555,-7.216949462890625,-0.0819586738944053,0.0547421313822269,-0.0613323003053665,-0.1652920246124267,15.577247619628906,3.1447551250457764,-0.8072483539581299,-0.3795827329158783,1.2771825790405271,9.76045036315918,11.400495529174805,1.3215361833572388,0.1411136239767074,0.0994881838560104,-0.0898987650871276
2025-10-19T15:58:21.385,53560,543630,0,0,0,-11.936196327209473,-0.9946388006210328,-7.6048102378845215,-0.0904854759573936,0.1773148775100708,-0.0538713485002517,-0.7087758183479309,15.756813049316406,2.692250967025757,-0.7366358041763306,-0.3382810056209564,1.2587965726852417,9.085285186767578,11.659069061279297,1.374208688735962,0.0934168323874473,0.1810257136821746,-0.0120917186141014
2025-10-19T15:58:21.394,53561,543639,0,0,0,-11.40707778930664,-0.6498737335205078,-7.607204437255859,-0.0992787331342697,0.3382582068443298,-0.0224287752062082,-1.1181843280792236,15.752025604248049,2.773653745651245,-0.6780140399932861,-0.3087036907672882,1.2169619798660278,8.915297508239746,12.16424560546875,0.4907482266426086,0.1730891168117523,0.1181405559182167,0.0571885332465171
2025-10-19T15:58:21.405,53562,543648,0,0,0,-10.664875030517578,-0.2260999977588653,-6.996683120727539,-0.071566641330719,0.4157987833023071,0.0210046116262674,-1.6305434703826904,15.763996124267578,2.610848188400269,-0.6417751312255859,-0.298844575881958,1.1820553541183472,8.661511421203613,12.70533561706543,0.0238789319992065,0.3028563261032104,0.1399904936552047,0.075307972729206
2025-10-19T15:58:21.413,53563,543657,0,0,0,-10.293773651123049,0.1378186643123626,-7.085268497467041,-0.0132113546133041,0.5005338788032532,0.0596416741609573,-1.7430708408355713,15.71132469177246,2.625213384628296,-0.5764918327331543,-0.3185628056526184,1.1183708906173706,8.395755767822266,13.232059478759766,-0.0671007633209228,0.2455669045448303,0.1703672111034393,0.0819695368409156
2025-10-19T15:58:21.421,53564,543666,0,0,0,-10.286591529846191,0.7220038175582886,-7.544955253601074,0.048874408006668,0.5738110542297363,0.0801592841744422,-1.7310998439788818,15.804697036743164,2.4983205795288086,-0.5213341116905212,-0.3246914446353912,1.04136323928833,8.63996410369873,13.452325820922852,-0.2490601539611816,0.1118027344346046,0.1748970746994018,0.1003554388880729
2025-10-19T15:58:21.430,53565,543675,0,0,0,-10.779796600341797,1.275064468383789,-7.805922985076904,0.0891102403402328,0.5437007546424866,0.0657703056931495,-2.0327694416046143,16.20213508605957,2.845479965209961,-0.412350982427597,-0.282856822013855,0.9782116413116456,8.838683128356934,13.526546478271484,-0.2442717552185058,-0.0017102751880884,0.2372492998838424,0.1387260556221008
2025-10-19T15:58:21.440,53566,543684,0,0,0,-11.222723960876465,1.3444963693618774,-7.166671276092529,0.1037656664848327,0.4720223546028137,0.0231363084167242,-2.607377767562866,16.309873580932617,3.0968711376190186,-0.3100294172763824,-0.2047833055257797,0.9211886525154114,8.21379566192627,13.454721450805664,0.0454267263412475,-0.0352845452725887,0.284946084022522,0.2010782659053802
2025-10-19T15:58:21.448,53567,543693,0,0,0,-11.89310073852539,0.846502423286438,-6.946404933929443,0.1011010706424713,0.4509718418121338,-0.0301561877131462,-2.832432746887207,15.742448806762695,3.72894024848938,-0.264197826385498,-0.163215160369873,0.8143371939659119,7.478776454925537,13.311067581176758,0.5482090711593628,-0.0222278870642185,0.2625632286071777,0.2722237706184387
2025-10-19T15:58:21.457,53568,543702,0,0,0,-12.486863136291504,-0.024987056851387,-7.015836715698242,0.1125589311122894,0.4459090232849121,-0.069059707224369,-2.547522783279419,15.328250885009766,3.8103432655334473,-0.2013126909732818,-0.1379012316465377,0.7085515856742859,7.55539083480835,13.241636276245115,1.1802783012390137,0.0006878869608044,0.2138006091117859,0.3364411890506744
2025-10-19T15:58:21.466,53569,543711,0,0,0,-12.934578895568848,-0.5876244306564331,-7.362995624542236,0.1405375003814697,0.4235262274742126,-0.0818499103188514,-2.0016448497772217,15.447961807250977,4.234116554260254,-0.1211074739694595,-0.0955337062478065,0.6448670625686646,8.043807983398438,12.939967155456545,1.661512851715088,0.0534474551677703,0.1778281778097152,0.3985269665718078
2025-10-19T15:58:21.475,53570,543720,0,0,0,-12.996828079223633,-0.7624012231826782,-7.080480098724365,0.152528315782547,0.3811586499214172,-0.0626646131277084,-1.3480277061462402,15.725688934326172,4.365797519683838,-0.0563571043312549,-0.0411753617227077,0.5899757742881775,8.347871780395508,12.995033264160156,2.169083595275879,0.0779620036482811,0.1637056469917297,0.4515530169010162
2025-10-19T15:58:21.484,53571,543729,0,0,0,-12.40067195892334,-0.7647954225540161,-6.757262706756592,0.1581239998340606,0.3478508591651916,-0.0304226484149694,-0.8213033080101013,15.519786834716797,4.732110500335693,0.0254468768835067,0.0169134605675935,0.512968122959137,8.33350658416748,13.069253921508787,2.1978139877319336,0.1139344424009323,0.1538465470075607,0.4600798189640045
2025-10-19T15:58:21.493,53572,543738,0,0,0,-11.876340866088867,-0.7528244256973267,-6.867395877838135,0.165052056312561,0.3499825596809387,-0.0085727265104651,-0.3855585753917694,15.256425857543944,4.990684509277344,0.1373611092567443,0.0472901798784732,0.426101416349411,8.18985366821289,12.92081356048584,2.451599359512329,0.135251447558403,0.1298649162054062,0.4267719984054565
2025-10-19T15:58:21.502,53573,543747,0,0,0,-11.82606315612793,-0.4990389943122864,-6.752474308013916,0.1591898798942566,0.2998875975608825,0.0015528481453657,0.1842614412307739,14.820680618286133,5.201374053955078,0.1903871595859527,0.0238414872437715,0.3208487033843994,8.058173179626465,12.281561851501465,3.0884571075439453,0.0673035010695457,0.0605846717953681,0.3995928168296814
2025-10-19T15:58:21.511,53574,543756,0,0,0,-12.292932510375977,-0.1997637748718261,-6.594457149505615,0.1378728747367859,0.2271433472633361,0.0068820994347333,0.7804176211357117,14.459156036376951,5.3953046798706055,0.1941176354885101,-0.0403759740293026,0.1908150315284729,8.173094749450684,11.685405731201172,3.4787120819091797,-0.0160992480814456,-0.0052315620705485,0.3766770362854004
2025-10-19T15:58:21.520,53575,543765,0,0,0,-13.049500465393066,-0.1614565551280975,-7.087662696838379,0.0939065665006637,0.2439304888248443,0.0012863855808973,1.388545036315918,14.040170669555664,5.447977066040039,0.1943840980529785,-0.0960666388273239,0.0405301824212074,8.326323509216309,11.261631965637209,3.6199698448181152,-0.0331528484821319,-0.0801075249910354,0.3305790424346924
2025-10-19T15:58:21.530,53576,543774,0,0,0,-13.614531517028809,-0.2524362206459045,-7.6048102378845215,0.0504731833934783,0.2644481062889099,-0.0160336755216121,1.7883765697479248,14.126361846923828,5.067298889160156,0.2562033832073211,-0.1291079670190811,-0.0793779343366622,8.671088218688965,10.90968418121338,3.579268455505371,-0.0307546854019165,-0.1949528455734253,0.2783524096012115
2025-10-19T15:58:21.538,53577,543783,0,0,0,-13.578619003295898,-0.3673579096794128,-7.59523344039917,0.0070397853851318,0.2284756600856781,-0.0320214256644248,2.1714489459991455,14.444791793823242,4.614794731140137,0.3116275668144226,-0.1530895978212356,-0.1880946159362793,9.130775451660156,10.435632705688477,3.5265960693359375,-0.0507393702864646,-0.2676970958709717,0.2434458136558532
2025-10-19T15:58:21.547,53578,543792,0,0,0,-13.118931770324709,-0.5612882375717163,-7.228920459747315,-0.0305314138531684,0.1919703036546707,-0.0458774715662002,2.2169387340545654,14.92363166809082,3.898928642272949,0.3497316837310791,-0.1413652449846267,-0.2882845103740692,9.600038528442385,10.378171920776367,2.966352939605713,-0.0563350841403007,-0.2834183871746063,0.2287903726100921
2025-10-19T15:58:21.556,53579,543801,0,0,0,-12.92021369934082,-0.8342272043228149,-7.063720703125,-0.0478514730930328,0.1906379908323288,-0.0565359741449356,1.9439997673034668,15.316280364990234,3.3171377182006836,0.3958297073841095,-0.097931869328022,-0.3839445412158966,9.85142993927002,10.43323802947998,1.9631822109222412,0.0563785433769226,-0.2799543738365173,0.2136020064353943
2025-10-19T15:58:21.565,53580,543810,0,0,0,-13.004010200500488,-0.9419662952423096,-6.905703544616699,-0.0446539223194122,0.1903715431690216,-0.0512067228555679,1.721338987350464,15.261213302612305,2.6730973720550537,0.3966290950775146,-0.0568966455757617,-0.4782722294330597,9.705384254455566,10.24170207977295,0.6894669532775879,0.2468992173671722,-0.2834183871746063,0.1837581992149353
2025-10-19T15:58:21.574,53581,543819,0,0,0,-13.123720169067385,-0.7216997146606445,-6.642341136932373,-0.0268009454011917,0.1525338590145111,-0.0264257118105888,1.5441679954528809,15.007429122924805,2.1942570209503174,0.3992937207221985,-0.039310123771429,-0.5792616009712219,9.528212547302246,10.124385833740234,-0.1820224523544311,0.3396281599998474,-0.3044689297676086,0.1531150341033935
2025-10-19T15:58:21.583,53582,543828,0,0,0,-13.264978408813477,-0.3362332582473755,-6.788387298583984,-0.0038851648569107,0.1146961897611618,0.0127442721277475,1.410092830657959,14.593231201171877,1.962019443511963,0.4248741269111633,-0.0177266616374254,-0.6709246635437012,9.197813034057615,9.920879364013672,-0.20596444606781,0.2101273983716964,-0.2751580476760864,0.1264687776565551
2025-10-19T15:58:21.592,53583,543837,0,0,0,-13.075836181640623,0.0085317641496658,-6.841059684753418,0.0019769966602325,0.0803225263953208,0.0529801100492477,1.3334782123565674,14.466339111328123,1.7513296604156494,0.4936214685440063,-0.0006730630993843,-0.7532616257667542,9.133169174194336,10.382959365844728,0.0693687200546264,0.0435883477330207,-0.2279942035675048,0.0899634137749672
2025-10-19T15:58:21.601,53584,543846,0,0,0,-12.704734802246094,0.1234534382820129,-6.525025367736816,0.0065068751573562,0.0078447312116622,0.0777611136436462,1.101240634918213,14.375358581542969,1.8279441595077517,0.5690303444862366,0.0059884986840188,-0.8332002758979797,9.12598705291748,10.445209503173828,-0.2035702466964721,-0.1024330928921699,-0.2074765712022781,0.0398684665560722
2025-10-19T15:58:21.611,53585,543855,0,0,0,-12.417430877685549,0.1426070630550384,-6.757262706756592,0.0166324377059936,-0.0483788549900054,0.0988116562366485,1.091663837432861,14.447185516357422,1.8351267576217651,0.6201911568641663,0.0070543489418923,-0.9272615313529968,9.233725547790527,10.289586067199709,0.4859598278999328,-0.3001482486724853,-0.1565822511911392,-0.0059630796313285
2025-10-19T15:58:21.620,53586,543865,0,0,0,-12.309691429138184,0.1809142827987671,-6.967952728271484,0.0267580151557922,-0.075291559100151,0.106539063155651,1.254469633102417,14.92123794555664,1.8877991437911987,0.6534989476203918,0.0073208115063607,-1.0295830965042114,9.499482154846191,10.131568908691406,0.9456465244293212,-0.377688854932785,-0.1118165552616119,-0.0318099409341812
2025-10-19T15:58:21.632,53587,543874,0,0,0,-12.151674270629885,0.1186650395393371,-6.819511890411377,0.0320872664451599,-0.1149944812059402,0.106539063155651,1.232921838760376,15.273185729980469,1.8183673620224,0.6465709805488586,0.0297036599367856,-1.120180368423462,9.870583534240724,10.090867042541504,1.1683073043823242,-0.3960747420787811,-0.0854367762804031,-0.0267471522092819
2025-10-19T15:58:21.638,53588,543883,0,0,0,-11.866764068603516,-0.1135725155472755,-6.7644453048706055,0.0336860418319702,-0.1371108442544937,0.0940153300762176,1.0054726600646973,15.139110565185549,1.8040021657943728,0.6055356860160828,0.0821967720985412,-1.228097677230835,9.796363830566406,10.031011581420898,1.072539210319519,-0.3081421256065368,-0.0454673953354358,-0.023283140733838
2025-10-19T15:58:21.647,53589,543892,0,0,0,-11.529182434082031,-0.4128477275371551,-6.733320713043213,0.0283567905426025,-0.1472364515066146,0.0721654072403907,0.6559191346168518,14.85420036315918,1.792031168937683,0.5573059916496277,0.1405520588159561,-1.3392125368118286,9.34146499633789,10.081290245056152,0.9959247708320618,-0.1783748865127563,-0.0084291119128465,-0.0374056510627269
2025-10-19T15:58:21.657,53590,543901,0,0,0,-11.153292655944824,-0.6019896268844604,-6.4795355796813965,0.0267580151557922,-0.1696192771196365,0.0524471849203109,0.36382657289505,14.600414276123049,1.7082340717315674,0.5629017353057861,0.1743927896022796,-1.4146214723587036,8.977546691894531,10.464363098144531,0.9552233219146729,-0.0691252797842025,0.0214146841317415,-0.0579232610762119
2025-10-19T15:58:21.665,53591,543910,0,0,0,-10.727124214172363,-0.712122917175293,-6.086886405944824,0.0264915525913238,-0.1978643089532852,0.0409892946481704,-0.0312167406082153,14.588443756103516,1.7513296604156494,0.5930119752883911,0.1986408829689026,-1.471111536026001,8.833894729614258,10.90968418121338,0.6008815169334412,-0.0174315609037876,0.0264774728566408,-0.077641487121582
2025-10-19T15:58:21.674,53592,543919,0,0,0,-10.399118423461914,-0.8007084131240845,-5.675083637237549,0.0291561782360076,-0.2365013509988784,0.0375252813100814,-0.402318000793457,14.571683883666992,2.026662826538086,0.6383106112480164,0.1869165301322937,-1.5052186250686646,9.025430679321287,11.141921997070312,0.5577858686447144,-0.0331528484821319,0.0464621596038341,-0.1080182045698165
2025-10-19T15:58:21.683,53593,543928,0,0,0,-10.365599632263184,-0.7695838212966919,-5.940840244293213,0.039281740784645,-0.2511568069458008,0.0452526956796646,-0.7351120114326477,14.61717414855957,2.2325642108917236,0.6553641557693481,0.1125734895467758,-1.5137454271316528,9.157111167907717,11.323881149291992,0.7181974053382874,-0.1016337051987648,0.0744407176971435,-0.1493198871612548
2025-10-19T15:58:21.692,53594,543937,0,0,0,-10.590655326843262,-0.4727027714252472,-6.218567371368408,0.0430122166872024,-0.2626146674156189,0.058042898774147,-0.7614482641220093,14.67463493347168,2.3738222122192383,0.6329813599586487,-0.0169272739440202,-1.5212063789367676,9.173871040344238,11.175440788269045,1.144365310668945,-0.2377960234880447,0.1040180474519729,-0.1743673682212829
2025-10-19T15:58:21.701,53595,543946,0,0,0,-10.777402877807615,-0.1925811767578125,-6.153923988342285,0.0432786792516708,-0.3143084049224853,0.070300169289112,-0.6489207744598389,14.530982971191406,2.3187553882598877,0.6305832266807556,-0.1344372183084488,-1.5366612672805786,9.2193603515625,10.895318984985352,1.4484288692474363,-0.3614346086978912,0.0811022818088531,-0.1621100902557373
2025-10-19T15:58:21.711,53596,543955,0,0,0,-10.722335815429688,-0.080053687095642,-5.9264750480651855,0.036350667476654,-0.3798581957817077,0.0761623457074165,-0.5986425280570984,14.356204986572266,1.9763846397399905,0.6785464882850647,-0.199454054236412,-1.545188069343567,9.279215812683104,10.768426895141602,1.8674142360687256,-0.4371099472045898,0.080302894115448,-0.1442570984363556
2025-10-19T15:58:21.719,53597,543964,0,0,0,-10.358417510986328,-0.1494855433702469,-5.69663143157959,0.0248927772045135,-0.4728536009788513,0.0668361559510231,-0.8236975073814392,14.305927276611328,1.6292253732681274,0.7715418338775635,-0.2050497829914093,-1.557711839675903,9.135563850402832,10.646322250366213,1.637570858001709,-0.3539736568927765,0.0858986005187034,-0.1330656707286834
2025-10-19T15:58:21.728,53598,543973,0,0,0,-10.107026100158691,-0.3505984842777252,-5.576921463012695,0.0347518920898437,-0.5368045568466187,0.0321960374712944,-1.2139523029327393,14.49985694885254,1.306008219718933,0.8384239673614502,-0.1704096645116806,-1.5875556468963623,8.965575218200684,10.64871597290039,1.371814489364624,-0.2026229798793792,0.0938924774527549,-0.1189431697130203
2025-10-19T15:58:21.737,53599,543982,0,0,0,-10.051959991455078,-0.4272129535675049,-5.531431674957275,0.0560688823461532,-0.5797050595283508,-0.0061745634302496,-1.5395638942718506,14.753643035888672,1.329950213432312,0.8221697211265564,-0.1845321655273437,-1.6315218210220337,8.972758293151855,10.840251922607422,1.3766028881072998,-0.0248925108462572,0.141589269042015,-0.1157456189393997
2025-10-19T15:58:21.746,53600,543991,0,0,0,-9.94182586669922,-0.3529926836490631,-5.430875301361084,0.0664609223604202,-0.6505840420722961,-0.03282081335783,-1.881934642791748,14.87095832824707,1.6364079713821411,0.7707424163818359,-0.1970559060573578,-1.6858803033828735,8.903326034545898,11.560907363891602,1.0390204191207886,0.1328532844781875,0.1701007634401321,-0.1226736456155777
2025-10-19T15:58:21.757,53601,544000,0,0,0,-9.623397827148438,-0.324262261390686,-5.318347454071045,0.0571347475051879,-0.7092058062553406,-0.0536048859357833,-2.32007360458374,15.213329315185549,1.741752862930298,0.6766811609268188,-0.1853315532207489,-1.7343764305114746,8.955998420715332,12.202552795410156,1.0821160078048706,0.2058639973402023,0.1613074839115142,-0.1447900235652923
2025-10-19T15:58:21.764,53602,544009,0,0,0,-9.436649322509766,-0.4727027714252472,-5.095686912536621,0.0422128438949584,-0.7262594103813171,-0.0813169851899147,-2.7127225399017334,15.074466705322266,2.1248250007629395,0.5711620450019836,-0.1573529988527298,-1.7647531032562256,9.09486198425293,12.485069274902344,1.271257996559143,0.0577108561992645,0.1876872777938842,-0.1338650584220886
2025-10-19T15:58:21.773,53603,544018,0,0,0,-9.51805305480957,-0.733670711517334,-5.069350719451904,0.0326202064752578,-0.715334415435791,-0.1095620021224021,-3.2442352771759033,14.717729568481444,2.359457015991211,0.5032141208648682,-0.1680115014314651,-1.8292371034622192,8.917691230773926,12.626327514648438,1.656724452972412,-0.1256153285503387,0.1719659864902496,-0.1274699717760086
2025-10-19T15:58:21.782,53604,544028,0,0,0,-9.714377403259276,-0.9156301021575928,-5.0430145263671875,0.0267580151557922,-0.7124033570289612,-0.1252832859754562,-3.471684455871582,14.483098983764648,2.493532180786133,0.4683075249195099,-0.2138430327177047,-1.869739294052124,8.671088218688965,12.750825881958008,1.9583938121795657,-0.2353978604078292,0.1602416336536407,-0.1085511296987533
2025-10-19T15:58:21.791,53605,544036,0,0,0,-9.771838188171388,-1.0473111867904663,-4.877814769744873,0.0192970633506774,-0.7326545119285583,-0.1346094757318496,-3.675191640853882,14.468732833862305,2.206228017807007,0.4840287864208221,-0.2546118199825287,-1.8899905681610107,8.55137825012207,12.70533561706543,1.8865678310394287,-0.2748343050479889,0.1168082579970359,-0.0771085619926452
2025-10-19T15:58:21.803,53606,544045,0,0,0,-9.814933776855469,-1.222087860107422,-4.935275554656982,0.0118361264467239,-0.7393160462379456,-0.1455344408750534,-4.2138872146606445,14.401695251464844,2.029057025909424,0.5298603773117065,-0.2735306322574615,-1.9033136367797852,8.64235782623291,12.640691757202148,1.8482606410980225,-0.2668404281139374,0.066446840763092,-0.0304776262491941
2025-10-19T15:58:21.809,53607,544054,0,0,0,-9.903518676757812,-1.3298269510269165,-4.93766975402832,0.0059739351272583,-0.737983763217926,-0.1489984542131424,-4.422182559967041,14.19100570678711,2.072152614593506,0.5714284777641296,-0.3185628056526184,-1.8918557167053225,8.802769660949707,12.540135383605955,1.8267128467559817,-0.2284698486328125,0.0379353612661361,0.0190843939781188
2025-10-19T15:58:21.818,53608,544063,0,0,0,-10.107026100158691,-1.3729225397109983,-5.023860931396484,0.0051745623350143,-0.7347862124443054,-0.1343430131673813,-4.872292518615723,14.102420806884766,2.0194802284240723,0.6097990870475769,-0.3755857944488525,-1.854817509651184,8.656723022460938,12.44436740875244,2.0278258323669434,-0.1890333890914917,0.0536566451191902,0.0587873011827468
2025-10-19T15:58:21.828,53609,544072,0,0,0,-10.195611953735352,-1.2077226638793943,-5.095686912536621,-0.0062833279371261,-0.7409148216247559,-0.0978376567363739,-5.114107131958008,14.06650733947754,2.199045419692993,0.6678879857063293,-0.4752427339553833,-1.8279047012329104,8.467581748962402,12.700547218322754,2.1738719940185547,-0.104564793407917,0.0776382684707641,0.105151779949665
2025-10-19T15:58:21.837,53610,544081,0,0,0,-10.181246757507324,-0.9587256908416748,-5.100475311279297,-0.0289326459169387,-0.7598336338996887,-0.0538713485002517,-5.245788097381592,14.344234466552734,2.1439788341522217,0.7366352677345276,-0.6012794971466064,-1.7977944612503052,8.594473838806152,13.210512161254885,1.98712420463562,-0.0179644860327243,0.080036424100399,0.1384595930576324
2025-10-19T15:58:21.845,53611,544090,0,0,0,-10.12139129638672,-0.8126794099807739,-5.100475311279297,-0.057710587978363,-0.7832823991775513,-0.0218958500772714,-5.583370685577393,14.624357223510742,1.787242770195007,0.7888619303703308,-0.7097297310829163,-1.782073140144348,8.809952735900879,13.452325820922852,1.5274375677108765,-0.0152998622506856,0.0717760920524597,0.1688362956047058
2025-10-19T15:58:21.854,53612,544099,0,0,0,-10.0064697265625,-0.8222562074661255,-5.2393388748168945,-0.0891531631350517,-0.7936744689941406,-0.0149678252637386,-5.978414058685303,14.629144668579102,1.2964314222335815,0.7654131650924683,-0.7555612921714783,-1.7479660511016846,9.027824401855469,13.560066223144531,1.3981506824493408,-0.0587332472205162,0.1045509725809097,0.205075204372406
2025-10-19T15:58:21.863,53613,544108,0,0,0,-9.920278549194336,-0.8150736093521118,-4.975976943969727,-0.107805535197258,-0.8053987622261047,-0.0456110090017318,-6.112489223480225,14.832651138305664,0.5829592347145081,0.6849415302276611,-0.746501624584198,-1.7530288696289062,9.178659439086914,13.464298248291016,0.8714262843132019,-0.0640624910593032,0.1591757982969284,0.2546372413635254
2025-10-19T15:58:21.872,53614,544117,0,0,0,-9.968162536621094,-0.8007084131240845,-4.583327770233154,-0.1096707731485366,-0.8320450186729431,-0.0970382690429687,-6.567387580871582,14.78716278076172,0.4488839507102966,0.5802217721939087,-0.7563607096672058,-1.774345874786377,9.080496788024902,13.095590591430664,0.2585107088088989,-0.0286229848861694,0.2375157475471496,0.319920539855957
2025-10-19T15:58:21.881,53615,544126,0,0,0,-10.133362770080566,-0.690575122833252,-4.5354437828063965,-0.1040750592947006,-0.8176560997962952,-0.1497978419065475,-6.892999172210693,14.650691986083984,0.3219912648200989,0.483229398727417,-0.7155919671058655,-1.8313688039779663,8.9440279006958,13.100378036499023,0.15556001663208,0.0904857367277145,0.3414361476898193,0.3841379880905151
2025-10-19T15:58:21.890,53616,544135,0,0,0,-10.339263916015623,-0.446366548538208,-4.439675807952881,-0.0987458080053329,-0.7910098433494568,-0.1860367357730865,-6.9337005615234375,14.684211730957031,0.7074577212333679,0.3657194375991821,-0.6295245289802551,-1.894253849983215,8.802769660949707,13.267972946166992,0.1148585081100463,0.1344520598649978,0.4477546513080597,0.4270384609699249
2025-10-19T15:58:21.899,53617,544144,0,0,0,-10.504464149475098,-0.2260999977588653,-4.319965362548828,-0.0936830192804336,-0.7867463827133179,-0.197494626045227,-7.053410530090332,14.43521499633789,1.5669761896133425,0.2943075001239776,-0.5903545618057251,-1.95287561416626,8.695030212402344,13.627103805541992,0.9097335338592528,-0.0222278870642185,0.531157374382019,0.4691395461559295
2025-10-19T15:58:21.908,53618,544153,0,0,0,-10.645721435546877,-0.0752652883529663,-4.3606672286987305,-0.0931500941514968,-0.7659623026847839,-0.1815068870782852,-7.173120498657227,14.18861198425293,1.794425368309021,0.2151681780815124,-0.6130038499832153,-2.001638174057007,8.759674072265625,14.30226707458496,1.702214241027832,-0.2830946445465088,0.5263610482215881,0.5213661789894104
2025-10-19T15:58:21.917,53619,544162,0,0,0,-10.573895454406738,-0.084842100739479,-4.236168384552002,-0.103009209036827,-0.7414478063583374,-0.1468667536973953,-7.407752513885498,14.114391326904297,2.3283324241638184,0.2061084508895874,-0.633787989616394,-2.03574538230896,8.695030212402344,14.644638061523438,2.20260238647461,-0.5053243637084961,0.4933197498321533,0.5794549584388733
2025-10-19T15:58:21.927,53620,544172,0,0,0,-10.329687118530272,-0.3075028657913208,-4.06857442855835,-0.1054073721170425,-0.7273252606391907,-0.1092955395579338,-7.929688453674316,13.75765609741211,2.1918628215789795,0.251939982175827,-0.6609671115875244,-2.0386765003204346,8.695030212402344,14.606330871582031,2.365408182144165,-0.6236336827278137,0.4394943416118622,0.6439388990402222
2025-10-19T15:58:21.936,53621,544181,0,0,0,-10.085478782653809,-0.6714215278625488,-4.190678596496582,-0.0992787331342697,-0.6862900853157043,-0.0946401059627533,-8.544998168945312,13.393735885620115,1.9213180541992188,0.2756551504135132,-0.6497757434844971,-2.069319725036621,8.762068748474121,14.316633224487305,2.4156863689422607,-0.576736330986023,0.369947612285614,0.7118868231773376
2025-10-19T15:58:21.945,53622,544190,0,0,0,-9.886759757995604,-0.910841703414917,-4.379820823669434,-0.0958147272467613,-0.637260913848877,-0.1005022823810577,-8.786812782287598,13.056154251098633,1.5334573984146118,0.2649966478347778,-0.6223300695419312,-2.0962324142456055,8.64235782623291,13.665410995483398,1.946422815322876,-0.3819522261619568,0.3382385969161987,0.8003523945808411
2025-10-19T15:58:21.954,53623,544199,0,0,0,-9.747896194458008,-0.8438040018081665,-4.322359561920166,-0.0931500941514968,-0.6183421015739441,-0.1220857352018356,-8.724563598632812,12.811944961547852,1.1001068353652954,0.2274254411458969,-0.5930191874504089,-2.096765518188477,8.6064453125,12.992639541625977,1.6423592567443848,-0.1402707546949386,0.3843365609645843,0.9069373607635498
2025-10-19T15:58:21.964,53624,544208,0,0,0,-9.66649341583252,-0.5205868482589722,-4.05660343170166,-0.0888867005705833,-0.6473865509033203,-0.1359417885541916,-8.485142707824707,12.570131301879885,1.2461531162261963,0.1717347800731659,-0.6060758233070374,-2.0735831260681152,8.738125801086426,12.485069274902344,1.5753215551376345,0.0435883477330207,0.4536168575286865,0.9951364398002625
2025-10-19T15:58:21.977,53625,544222,0,0,0,-9.276238441467283,-0.1518797427415847,-4.073362827301025,-0.0859556123614311,-0.6846912503242493,-0.131411924958229,-8.243328094482422,12.70899486541748,1.3467096090316772,0.0219828654080629,-0.6521738171577454,-2.049867868423462,8.848259925842285,12.233677864074709,1.4532172679901123,0.1080722659826278,0.5316902995109558,1.1193079948425293
2025-10-19T15:58:21.986,53626,544231,0,0,0,-8.919502258300781,-0.0441406667232513,-3.594522476196289,-0.090751938521862,-0.715067982673645,-0.1100949272513389,-8.058975219726562,12.500699996948242,1.619648575782776,-0.0089267790317535,-0.6684280037879944,-2.053065538406372,8.87699031829834,12.24325466156006,1.8075591325759888,0.0126786986365914,0.5599353313446045,1.188588261604309
2025-10-19T15:58:21.995,53627,544240,0,0,0,-8.541218757629395,-0.0992073118686676,-3.359890937805176,-0.087287925183773,-0.7454447150230408,-0.0818499103188514,-7.915323257446289,12.021859169006348,1.775271773338318,-0.0933953821659088,-0.5796960592269897,-2.073849678039551,9.106833457946776,12.549712181091309,2.274428367614746,-0.1216183975338935,0.5244958400726318,1.2493417263031006
2025-10-19T15:58:22.004,53628,544249,0,0,0,-8.29940414428711,-0.1853985637426376,-3.596916675567627,-0.0894196256995201,-0.7291905283927917,-0.0615987628698349,-7.805189609527588,11.823140144348145,1.5597935914993286,-0.139493390917778,-0.503487765789032,-2.114351987838745,9.245697021484377,12.825045585632324,2.3055529594421387,-0.206619918346405,0.4789307713508606,1.2925087213516235
2025-10-19T15:58:22.014,53629,544258,0,0,0,-8.222789764404297,-0.2404652088880539,-3.709444046020508,-0.1072726100683212,-0.6961491703987122,-0.0389494486153125,-7.742940425872803,11.50950050354004,1.188692331314087,-0.2498088628053665,-0.4182197451591491,-2.1495249271392822,8.989517211914062,12.540135383605955,1.924875020980835,-0.1754438132047653,0.4464223384857178,1.3244842290878296
2025-10-19T15:58:22.022,53630,544267,0,0,0,-7.957032680511475,-0.2572246193885803,-3.489177703857422,-0.1355176270008087,-0.7044094800949097,-0.0144349001348018,-7.762094020843506,11.088120460510254,1.0977126359939575,-0.3300140798091888,-0.367591917514801,-2.220137596130371,8.793192863464355,12.008623123168944,1.8769910335540771,-0.1162891462445259,0.4480211138725281,1.335409164428711
2025-10-19T15:58:22.031,53631,544276,0,0,0,-7.439885139465332,-0.2620130181312561,-3.544244289398194,-0.1674931347370147,-0.7518397569656372,-0.0181653760373592,-8.240934371948242,10.901372909545898,0.683515727519989,-0.3782437741756439,-0.3398797810077667,-2.2942142486572266,8.84347152709961,11.570484161376951,1.6782722473144531,-0.0603320226073265,0.4408266544342041,1.3572590351104736
2025-10-19T15:58:22.041,53632,544285,0,0,0,-7.236377716064453,-0.2356768101453781,-3.44608211517334,-0.1933399885892868,-0.7846146821975708,-0.0413476079702377,-8.391769409179688,10.793633460998535,0.7122461795806885,-0.5365225076675415,-0.2650038301944732,-2.3283212184906006,9.011065483093262,11.158681869506836,1.2233738899230957,-0.0741880685091018,0.4410930871963501,1.432134985923767
2025-10-19T15:58:22.049,53633,544294,0,0,0,-7.176522731781006,-0.2404652088880539,-3.149200916290283,-0.1978698521852493,-0.8011353611946106,-0.0570688992738723,-8.264876365661621,10.695470809936523,0.6428142786026001,-0.7755393385887146,-0.160284087061882,-2.3320517539978027,9.291187286376951,10.79476261138916,1.151547908782959,-0.0693917423486709,0.4794636964797973,1.5155377388000488
2025-10-19T15:58:22.064,53634,544303,0,0,0,-6.908372402191162,0.061204195022583,-3.0773749351501465,-0.182415023446083,-0.8269822001457214,-0.0717243328690528,-8.279241561889648,10.60927963256836,0.4943737685680389,-0.9268900156021118,-0.0920696929097175,-2.288618326187134,9.480328559875488,10.555341720581056,1.3047767877578735,-0.0043748999014496,0.5029123425483704,1.5477796792984009
2025-10-19T15:58:22.067,53635,544312,0,0,0,-6.582760810852051,0.3844214379787445,-3.1683545112609863,-0.1576340198516845,-0.8784095048904419,-0.0853139162063598,-8.123618125915527,10.230996131896973,0.8750518560409546,-0.9761856198310852,-0.0507680103182792,-2.220137596130371,9.659893989562988,10.418872833251951,1.560956358909607,0.0233371965587139,0.5332890748977661,1.5765575170516968
2025-10-19T15:58:22.077,53636,544322,0,0,0,-6.343340873718262,0.6358126401901245,-3.22102689743042,-0.1152664870023727,-0.949554979801178,-0.0877120792865753,-7.8147664070129395,9.869471549987791,1.0929242372512815,-1.0078946352005005,0.0089195873588323,-2.1140854358673096,9.631163597106934,10.114809036254885,1.637570858001709,0.0598425567150116,0.5239628553390503,1.5925452709197998
2025-10-19T15:58:22.086,53637,544331,0,0,0,-5.936326503753662,0.7220038175582886,-3.0773749351501465,-0.0657044649124145,-1.0063114166259766,-0.0799846723675727,-7.45084810256958,9.981999397277832,1.497544288635254,-0.9151656627655028,0.025706723332405,-2.053598642349243,9.568914413452148,9.580902099609377,1.8219244480133057,0.0787613913416862,0.488256961107254,1.577090620994568
2025-10-19T15:58:22.095,53638,544340,0,0,0,-5.447909355163574,0.7291865348815918,-2.931328773498535,-0.0094808787107467,-1.047346591949463,-0.0733231082558631,-7.297618865966797,10.149593353271484,1.8303383588790896,-0.8525469899177551,0.0766010507941246,-2.065589189529419,9.482723236083984,9.082908630371094,2.3151297569274902,0.0286664478480815,0.4933197498321533,1.5581717491149902
2025-10-19T15:58:22.104,53639,544349,0,0,0,-5.1079325675964355,0.7004560232162476,-2.823589563369751,0.0411469936370849,-1.064933180809021,-0.069059707224369,-7.077352523803711,9.843135833740234,1.736964464187622,-0.93834787607193,0.1179027333855629,-2.06292462348938,9.468358039855955,8.946438789367676,2.714961528778076,0.0750309154391288,0.4983825087547302,1.55497407913208
2025-10-19T15:58:22.113,53640,544358,0,0,0,-4.949915409088135,0.6166590452194214,-2.663177967071533,0.0771194249391555,-1.0561399459838867,-0.0650627687573432,-6.995949745178223,9.776098251342772,1.0450401306152344,-1.0214842557907104,0.1378874331712722,-1.9693963527679443,9.880160331726074,9.18585968017578,2.717355728149414,0.1152667477726936,0.7371329069137573,1.6010721921920776
2025-10-19T15:58:22.122,53641,544367,0,0,0,-4.918790817260742,0.4682184755802154,-2.450094223022461,0.0965711772441864,-1.0246973037719729,-0.0623981431126594,-6.608088970184326,9.108116149902344,2.486349582672119,-1.0012331008911133,0.1997067332267761,-1.9502110481262207,9.319917678833008,9.044601440429688,2.760451316833496,0.1331197470426559,0.4309675395488739,1.5307260751724243
2025-10-19T15:58:22.133,53642,544377,0,0,0,-5.040894985198975,0.2455577254295349,-2.2801055908203125,0.0944394916296005,-0.9746024012565612,-0.0560030490159988,-6.64879035949707,8.851936340332031,3.1471493244171143,-1.0739773511886597,0.1770574152469635,-1.9216995239257812,9.576096534729004,8.742931365966797,2.899315118789673,0.1981365829706192,0.3446336686611175,1.492355465888977
2025-10-19T15:58:22.146,53643,544386,0,0,0,-5.198912143707275,0.0659926235675811,-2.031108856201172,0.0723230987787246,-0.9351659417152404,-0.0557365864515304,-6.641607761383057,8.69631290435791,2.912517547607422,-0.9633952975273132,0.1778568029403686,-1.915570855140686,10.289568901062012,8.877006530761719,3.0645151138305664,0.1496404260396957,0.6180241107940674,1.477966547012329
2025-10-19T15:58:22.151,53644,544395,0,0,0,-5.390448570251465,-0.1135725155472755,-1.652824878692627,0.0464762449264526,-0.9127830862998962,-0.0669280067086219,-6.696674346923828,8.679553985595703,2.2325642108917236,-0.8125776052474976,0.2183590978384018,-1.9272953271865845,9.243303298950195,8.934467315673828,3.6343350410461426,0.0140110114589333,0.3606214225292206,1.4350661039352417
2025-10-19T15:58:22.159,53645,544404,0,0,0,-5.732819080352783,-0.2715898156166076,-1.3152424097061155,0.0288897156715393,-0.9007923007011414,-0.0922419428825378,-6.866662979125977,8.720254898071289,2.0553932189941406,-0.7856648564338684,0.2066347599029541,-1.8907898664474487,9.382166862487791,8.821940422058105,3.6582770347595215,-0.0145004745572805,0.2684254050254822,1.4094855785369873
2025-10-19T15:58:22.169,53646,544413,0,0,0,-6.115891456604004,-0.3122912645339966,-1.142859935760498,0.0179647505283355,-0.905322253704071,-0.1167564913630485,-6.881028175354004,8.799263000488281,2.290024995803833,-0.8165745139122009,0.2274188101291656,-1.8740028142929075,10.009448051452637,7.976787090301514,3.291964054107666,-0.0192967988550663,0.2084713578224182,1.3468669652938845
2025-10-19T15:58:22.177,53647,544422,0,0,0,-6.427137851715088,-0.3098970651626587,-1.0949759483337402,0.0113031864166259,-0.9269056916236876,-0.12794791162014,-6.804413318634033,9.06741428375244,2.3738222122192383,-0.8147093057632446,0.3124203383922577,-1.846557021141052,9.293581008911133,7.66314697265625,3.7037668228149414,-0.1024330928921699,0.1703672111034393,1.2941073179244995
2025-10-19T15:58:22.186,53648,544431,0,0,0,-6.575578212738037,-0.3529926836490631,-1.0949759483337402,0.019563540816307,-0.9458244442939758,-0.1258162260055542,-6.758923530578613,9.424150466918944,2.555781364440918,-0.8397567272186279,0.3681110143661499,-1.8316352367401123,9.758056640625,7.0741729736328125,3.8115057945251465,-0.0523381456732749,0.2087378203868866,1.2679941654205322
2025-10-19T15:58:22.195,53649,544440,0,0,0,-6.530088424682617,-0.4320013523101806,-1.1596193313598633,0.0360842049121856,-0.9607463479042052,-0.1167564913630485,-6.979190349578857,9.51034164428711,2.469590187072754,-0.9620630145072936,0.522392749786377,-1.8340333700180056,10.236896514892578,6.257750511169434,3.493077278137207,0.0822254046797752,0.1367929428815841,1.233886957168579
2025-10-19T15:58:22.204,53650,544449,0,0,0,-6.451079845428467,-0.4703085720539093,-1.188349723815918,0.0619310736656188,-0.9692731499671936,-0.1082296893000602,-7.228187084197998,9.20627784729004,2.515079975128174,-0.9274229407310486,0.7009226679801941,-1.837230920791626,9.542577743530272,6.468440055847168,3.38773250579834,0.1429788619279861,0.1149430125951767,1.2360186576843262
2025-10-19T15:58:22.213,53651,544458,0,0,0,-6.4367146492004395,-0.4583375453948974,-1.0303324460983276,0.0931071788072586,-0.9690067172050476,-0.098637044429779,-7.726181030273437,8.775321960449219,2.333120822906494,-0.9804489016532898,0.814435601234436,-1.8335005044937136,10.184224128723145,6.904184818267822,3.454770088195801,0.3588134944438934,0.1573105454444885,1.2717245817184448
2025-10-19T15:58:22.222,53652,544467,0,0,0,-6.484598636627197,-0.4415781497955322,-0.8651325702667236,0.1245497465133667,-0.9620787501335144,-0.0869126915931701,-7.872227668762207,8.531112670898438,1.861462950706482,-1.1278027296066284,0.9354096055030824,-1.8287041187286377,10.562508583068848,6.968828201293945,2.781999111175537,0.4608685970306396,0.1439874321222305,1.2333539724349976
2025-10-19T15:58:22.232,53653,544477,0,0,0,-6.546847820281982,-0.355386883020401,-0.9273817539215088,0.1482649147510528,-0.9452915787696838,-0.0818499103188514,-7.874621868133545,8.456892967224121,1.9500484466552737,-1.1288686990737915,1.0926223993301392,-1.8089858293533323,10.366183280944824,7.162758827209473,2.384561777114868,0.4507430493831634,0.115475945174694,1.141424298286438
2025-10-19T15:58:22.241,53654,544486,0,0,0,-6.6545867919921875,-0.3146854639053345,-1.078216552734375,0.1605221927165985,-0.9239745736122132,-0.0789188221096992,-8.178685188293457,8.899820327758789,2.155949831008911,-1.0150891542434692,1.2154616117477417,-1.801791429519653,10.651093482971191,7.201066017150879,2.4156863689422607,0.2687491476535797,0.0984223410487175,1.0577551126480105
2025-10-19T15:58:22.250,53655,544495,0,0,0,-6.745566368103027,-0.2548304200172424,-1.2146860361099243,0.1631868183612823,-0.9101185202598572,-0.0773200467228889,-7.999120235443115,8.796869277954102,2.3666396141052246,-0.8314964175224304,1.2103989124298096,-1.74503493309021,10.48110580444336,6.791657447814941,2.592857360839844,-0.0187638737261295,0.0592523589730262,0.980214536190033
2025-10-19T15:58:22.259,53656,544504,0,0,0,-6.740777969360352,-0.3266564607620239,-1.2194744348526,0.1658514440059662,-0.9095856547355652,-0.0754548087716102,-8.248116493225098,9.402602195739746,2.488743782043457,-0.5197353363037109,1.1243314743041992,-1.7008020877838137,10.449980735778809,5.867495536804199,2.990294933319092,-0.1098940446972847,-0.0316113457083702,0.9354488253593444
2025-10-19T15:58:22.269,53657,544513,0,0,0,-6.7910566329956055,-0.355386883020401,-1.2577816247940063,0.1725130081176757,-0.9122502207756042,-0.0634639933705329,-8.489931106567383,9.39781379699707,2.491137981414795,-0.2988379597663879,1.1115412712097168,-1.6381834745407104,11.405266761779783,4.957698822021484,3.0429673194885254,-0.0947056785225868,-0.0614551417529583,0.9490383863449096
2025-10-19T15:58:22.277,53658,544522,0,0,0,-6.740777969360352,-0.3673579096794128,-1.3559439182281494,0.1682495772838592,-0.9234415888786316,-0.0496079474687576,-8.691043853759766,9.191912651062012,2.0194802284240723,-0.2908440828323364,1.149379014968872,-1.6339200735092163,10.744467735290527,5.094168186187744,4.0557146072387695,-0.023293737322092,-0.0563923567533493,1.01698637008667
2025-10-19T15:58:22.286,53659,544531,0,0,0,-6.814998626708984,-0.4367897510528564,-1.2793294191360474,0.1613215804100036,-0.930902659893036,-0.0384165234863758,-9.263258934020996,9.175153732299805,1.6890804767608645,-0.3148257136344909,1.287939429283142,-1.5744988918304443,11.237672805786133,4.8020758628845215,3.892909049987793,0.0888869687914848,-0.0041657118126749,1.0446984767913818
2025-10-19T15:58:22.295,53660,544540,0,0,0,-7.0304765701293945,-0.5732592344284058,-1.2170802354812622,0.1605221927165985,-0.9231751561164856,-0.0184318386018276,-9.1028470993042,9.359506607055664,1.17432701587677,-0.1008563339710235,1.2543652057647705,-1.5446550846099854,11.417238235473633,4.569838047027588,2.67665433883667,0.2021335214376449,0.0424652211368083,1.0271120071411133
2025-10-19T15:58:22.304,53661,544549,0,0,0,-7.190887928009033,-0.5517114400863647,-1.4565004110336304,0.1618545055389404,-0.9069209694862366,-0.0011117756366729,-8.935253143310547,9.716242790222168,1.0761648416519165,0.2708587944507599,1.0433269739151,-1.4537913799285889,11.390901565551758,5.146840572357178,2.444416761398315,0.24396812915802,0.0613840594887733,0.943442702293396
2025-10-19T15:58:22.315,53662,544558,0,0,0,-7.382424354553223,-0.4750969707965851,-1.557056903839111,0.1482649147510528,-0.9063881039619446,-4.592724144458771e-05,-8.935253143310547,9.651599884033203,1.408958911895752,0.5692967772483826,0.8885121941566467,-1.3552002906799316,11.247249603271484,5.714266777038574,3.114793300628662,0.1920079439878463,0.0677791535854339,0.8483155965805054
2025-10-19T15:58:22.322,53663,544567,0,0,0,-7.542835712432861,-0.4415781497955322,-1.4493176937103271,0.1346753239631652,-0.9205105900764464,-0.0037764012813568,-9.083693504333496,9.1152982711792,1.9021644592285156,0.6758818626403809,0.8354861736297607,-1.2691328525543213,10.993464469909668,5.814823150634766,3.55772066116333,0.1571013629436493,0.0304744094610214,0.7891609072685242
2025-10-19T15:58:22.331,53664,544576,0,0,0,-7.712823867797852,-0.4535491466522217,-1.3008772134780884,0.1314777731895446,-0.933567225933075,-0.0075068762525916,-9.165096282958984,8.643640518188477,2.06736421585083,0.6713519096374512,0.8631982207298279,-1.2147746086120603,10.926426887512209,5.642440319061279,3.3278770446777344,0.098746083676815,-0.0129589736461639,0.7609158754348755
2025-10-19T15:58:22.340,53665,544585,0,0,0,-7.921119689941406,-0.4128477275371551,-1.2098976373672483,0.1344088613986969,-0.9434263110160828,-0.0176324509084224,-9.122000694274902,8.373095512390137,1.7010514736175537,0.6934683322906494,0.8200313448905945,-1.1470931768417358,11.338229179382324,5.3982319831848145,3.0142369270324707,-0.0643289536237716,-0.0100278863683342,0.7086892127990723
2025-10-19T15:58:22.350,53666,544594,0,0,0,-8.103078842163086,-0.4750969707965851,-1.1141295433044434,0.1341423690319061,-0.9554170966148376,-0.0373506732285022,-8.949618339538574,8.461681365966797,1.2629125118255615,0.7672784924507141,0.6961262822151184,-1.0498342514038086,11.029377937316896,5.280916213989258,2.940016508102417,-0.2961513102054596,0.0307408720254898,0.6215560436248779
2025-10-19T15:58:22.358,53667,544603,0,0,0,-8.36644172668457,-0.5972012281417847,-0.90343976020813,0.1389387249946594,-0.9580817818641664,-0.055470123887062,-8.834696769714355,8.801657676696777,1.1240488290786743,0.7742064595222473,0.5394463539123535,-0.9256628155708312,11.098809242248535,4.481252670288086,2.923257112503052,-0.4213886857032776,-0.0238839350640773,0.524830162525177
2025-10-19T15:58:22.373,53668,544612,0,0,0,-8.713601112365723,-0.6498737335205078,-0.77894127368927,0.1477319896221161,-0.950354278087616,-0.0653292313218116,-8.597670555114746,9.232614517211914,1.0258865356445312,0.7891283631324768,0.4022181928157806,-0.8049553036689758,11.053319931030272,3.6911659240722656,3.2608394622802734,-0.4296490252017975,-0.0473326332867145,0.4480890035629272
2025-10-19T15:58:22.376,53669,544621,0,0,0,-8.993722915649414,-0.6714215278625488,-0.7645760774612427,0.1538606286048889,-0.9431598782539368,-0.0663950815796852,-8.384586334228516,9.81679916381836,0.9516663551330566,0.8200380206108093,0.3188154697418213,-0.6957057118415833,11.046136856079102,3.286545991897583,3.6343350410461426,-0.3286597430706024,-0.0425363071262836,0.3633539080619812
2025-10-19T15:58:22.388,53670,544630,0,0,0,-9.113432884216309,-0.767189621925354,-0.596981942653656,0.1698483824729919,-0.9458244442939758,-0.0607993677258491,-8.363039016723633,10.271697998046877,1.1025010347366333,0.8083136677742004,0.3049593865871429,-0.6147010326385498,11.065290451049805,3.1692299842834473,3.5242018699645996,-0.2545831501483917,-0.0238839350640773,0.284214586019516
2025-10-19T15:58:22.394,53671,544639,0,0,0,-9.18047046661377,-0.8701403141021729,-0.415022611618042,0.1927641332149505,-0.9623451828956604,-0.0546707361936569,-8.571333885192871,10.24296760559082,0.9061764478683472,0.6854744553565979,0.3523897230625152,-0.5757975578308105,11.235279083251951,3.152470588684082,3.519413471221924,-0.1253488659858703,-0.0236174743622541,0.210670918226242
2025-10-19T15:58:22.403,53672,544648,0,0,0,-9.297785758972168,-0.8581691980361938,-0.3431965708732605,0.2188774645328521,-1.0015150308609009,-0.0450780838727951,-9.093270301818848,9.81440544128418,1.0187039375305176,0.4472569823265075,0.4619058072566986,-0.5398251414299011,11.393296241760254,3.83242392539978,3.4667410850524902,0.0257353596389293,-0.0126925110816955,0.1286004781723022
2025-10-19T15:58:22.412,53673,544657,0,0,0,-9.42946720123291,-0.7216997146606445,-0.2761589288711548,0.2372633814811706,-1.0430833101272583,-0.0336202010512352,-9.694214820861816,9.246978759765623,0.8582924604415894,0.1965157985687255,0.5458414554595947,-0.5041191577911377,11.529766082763672,4.943333625793457,3.0214195251464844,0.1552361398935318,-0.0150906732305884,0.03693737834692
2025-10-19T15:58:22.421,53674,544666,0,0,0,-9.556360244750977,-0.6163548827171326,-0.2186980247497558,0.2465895712375641,-1.0835856199264526,-0.0250933989882469,-10.036585807800291,8.365913391113281,0.544651985168457,-0.0129237174987792,0.5434433221817017,-0.4918618500232696,11.570466995239258,5.874678134918213,2.6239819526672363,0.187478095293045,-0.0302790347486734,-0.0520610883831977
2025-10-19T15:58:22.430,53675,544675,0,0,0,-9.649733543395996,-0.5205868482589722,-0.0798343420028686,0.2524517476558685,-1.129417061805725,-0.0200306121259927,-10.110806465148926,7.374713897705078,0.3459332585334778,-0.1344306021928787,0.4275321662425995,-0.5211727619171143,11.405266761779783,6.37506628036499,2.518637180328369,0.1059405580163002,-0.0188211500644683,-0.1202754825353622
2025-10-19T15:58:22.440,53676,544685,0,0,0,-9.685647010803224,-0.4822795689105987,-0.0463155508041381,0.2559157609939575,-1.1640572547912598,-0.0197641495615243,-10.015037536621094,6.8551716804504395,0.0322928577661514,-0.1488195806741714,0.3054923415184021,-0.5366275310516357,11.16105842590332,6.480411052703857,2.6670775413513184,-0.1026995554566383,0.0102232620120048,-0.1663734912872314
2025-10-19T15:58:22.453,53677,544694,0,0,0,-9.632974624633787,-0.4415781497955322,-0.0439213514328002,0.2596462070941925,-1.1933680772781372,-0.0208299998193979,-9.86899185180664,6.776163101196289,-0.1496664881706237,-0.0659497529268264,0.2194249629974365,-0.5089154839515686,11.029377937316896,6.078185081481934,2.430051565170288,-0.2425923496484756,0.0134208118543028,-0.1927532851696014
2025-10-19T15:58:22.458,53678,544703,0,0,0,-9.477351188659668,-0.4727027714252472,-0.1133532524108886,0.2585803866386413,-1.2152180671691897,-0.021629387512803,-9.861808776855469,6.977275848388672,-0.1520606875419616,0.0624851621687412,0.201838418841362,-0.4625509679317474,11.12514591217041,5.642440319061279,2.341466188430786,-0.286025732755661,0.014220199547708,-0.2052769958972931
2025-10-19T15:58:22.467,53679,544712,0,0,0,-9.24032497406006,-0.5110099911689758,-0.1971502304077148,0.2524517476558685,-1.2296069860458374,-0.0221623126417398,-9.878568649291992,7.405838012695312,-0.0993882417678833,0.1248373836278915,0.2476699650287628,-0.4252462089061737,11.31668186187744,5.608921527862549,2.523425579071045,-0.2806964814662933,0.021681148558855,-0.2201989293098449
2025-10-19T15:58:22.479,53680,544721,0,0,0,-9.020058631896973,-0.5157983899116516,-0.1851792335510254,0.2489877343177795,-1.2362686395645142,-0.023761086165905,-9.943211555480955,7.817640781402588,0.0969363003969192,0.1219062954187393,0.3017618358135223,-0.3996658027172088,11.414843559265137,5.611315727233887,2.7053847312927246,-0.2188771814107895,0.0088909491896629,-0.2444469928741455
2025-10-19T15:58:22.485,53681,544730,0,0,0,-8.878800392150879,-0.4942505955696106,-0.0846227407455444,0.2460566163063049,-1.2399990558624268,-0.0202970746904611,-10.04855728149414,7.824823379516602,0.2070695757865905,0.0337072126567363,0.3449287712574005,-0.4015310704708099,11.46512222290039,5.6184983253479,2.7987585067749023,-0.1416030675172805,0.0104897245764732,-0.2607012093067169
2025-10-19T15:58:22.494,53682,544739,0,0,0,-8.850069999694824,-0.5301636457443237,0.1883162260055542,0.2431255578994751,-1.2434630393981934,-0.013901975005865,-10.01982593536377,7.638075828552246,0.288472443819046,-0.0696802288293838,0.3809011876583099,-0.4148541986942291,11.381324768066406,6.027906894683838,2.698202133178711,-0.0259583611041307,0.0331390351057052,-0.2798865139484405
2025-10-19T15:58:22.503,53683,544748,0,0,0,-8.950626373291016,-0.5780476331710815,0.3487277030944824,0.2404609322547912,-1.244262456893921,-0.0069739501923322,-10.024614334106444,7.051496505737305,0.348327487707138,-0.1823938488960266,0.4408552944660187,-0.4343059659004211,11.259221076965332,6.537871837615967,2.736509323120117,0.1381825357675552,0.0288756340742111,-0.2972065806388855
2025-10-19T15:58:22.512,53684,544757,0,0,0,-9.204412460327148,-0.6570563316345215,0.6551855802536011,0.228470116853714,-1.2429300546646118,0.0012863855808973,-10.350226402282717,6.227890968322754,0.463249146938324,-0.2937751710414886,0.5231921076774597,-0.4652155935764313,11.201760292053224,7.193882942199707,2.588068962097168,0.2090615481138229,0.0043610874563455,-0.2897456288337707
2025-10-19T15:58:22.521,53685,544766,0,0,0,-9.50847625732422,-0.7504302263259888,0.8874231576919556,0.2002250850200653,-1.2338703870773315,0.0084808729588985,-10.53697395324707,5.679618835449219,0.341144859790802,-0.3374750018119812,0.5922059416770935,-0.4894636869430542,11.180212020874023,7.883413314819336,2.4659647941589355,0.1517721116542816,-0.0156235983595252,-0.2854822278022766
2025-10-19T15:58:22.530,53686,544775,0,0,0,-9.88197135925293,-0.9276010990142822,1.055017113685608,0.1562587618827819,-1.205625295639038,0.0170076731592416,-10.556127548217772,5.437804222106934,0.0418696552515029,-0.2687277197837829,0.6217833161354065,-0.4891972243785858,11.199365615844728,8.046218872070312,2.453993558883667,0.0188073366880416,-0.0297461114823818,-0.2886797785758972
2025-10-19T15:58:22.540,53687,544785,0,0,0,-10.248284339904783,-1.1143487691879272,1.1244491338729858,0.092041328549385,-1.162991285324097,0.0359265059232711,-10.44599437713623,5.425833225250244,-0.0850230157375335,-0.1935852766036987,0.6113912463188171,-0.4822691679000854,11.144299507141112,7.488369941711426,2.810729503631592,-0.1069629564881324,-0.0228180866688489,-0.2865480482578277
2025-10-19T15:58:22.555,53688,544794,0,0,0,-10.444608688354492,-1.3058849573135376,1.3088024854660034,0.0230275392532348,-1.126219630241394,0.0583093613386154,-10.23291015625,5.490476608276367,0.0059566348791122,-0.1637414693832397,0.5445091128349304,-0.4772064089775085,10.933609008789062,6.729408264160156,3.1028223037719727,-0.1586566716432571,-0.011626660823822,-0.2758895754814148
2025-10-19T15:58:22.558,53689,544803,0,0,0,-10.5236177444458,-1.442354440689087,1.3686577081680298,-0.0459862351417541,-1.0878489017486572,0.0857549905776977,-9.95997142791748,5.634129047393799,0.0682058781385421,-0.1807950735092163,0.4493820667266845,-0.4593534171581268,10.73249626159668,6.118886470794678,3.43322229385376,-0.0955050662159919,0.0011635374976322,-0.2705603241920471
2025-10-19T15:58:22.567,53690,544812,0,0,0,-10.54995346069336,-1.509392023086548,1.428512692451477,-0.1088713854551315,-1.0412180423736572,0.1108024641871452,-9.648725509643556,5.957345962524414,0.1089073121547699,-0.2053096294403076,0.3406653702259063,-0.430042564868927,10.512229919433594,5.647228717803955,3.643911838531494,0.0681028962135315,0.0171512849628925,-0.2692280113697052
2025-10-19T15:58:22.584,53691,544821,0,0,0,-10.600232124328612,-1.4974210262298584,1.452454686164856,-0.1547029316425323,-0.979665219783783,0.130520686507225,-9.608023643493652,6.168035984039307,0.341144859790802,-0.2316894084215164,0.2503345906734466,-0.3914054930210113,10.48349952697754,5.49399995803833,3.797140598297119,0.2269145399332046,0.0166183616966009,-0.2583030462265014
2025-10-19T15:58:22.587,53692,544830,0,0,0,-10.784584999084473,-1.3082791566848757,1.4476662874221802,-0.1800168603658676,-0.9005258679389954,0.140912726521492,-9.873780250549316,6.163247585296631,0.5422577857971191,-0.2895117700099945,0.2388767153024673,-0.359962910413742,10.818687438964844,5.865101337432861,3.701372623443603,0.3628104329109192,0.0248786974698305,-0.2548390328884125
2025-10-19T15:58:22.602,53693,544840,0,0,0,-11.162869453430176,-0.9419662952423096,1.3973881006240845,-0.189343050122261,-0.8080633878707886,0.13958041369915,-10.29037094116211,5.830453395843506,0.4081825017929077,-0.4531197547912597,0.3659793138504028,-0.373818963766098,11.314287185668944,6.3918256759643555,3.265627861022949,0.5194903016090393,0.0200823731720447,-0.248976856470108
2025-10-19T15:58:22.607,53694,544849,0,0,0,-11.4956636428833,-0.4703085720539093,1.471608281135559,-0.1906753629446029,-0.7419806718826294,0.1291883736848831,-10.680625915527344,5.3300652503967285,0.2046753764152526,-0.5831533670425415,0.4773606359958648,-0.3644927740097046,11.532159805297852,7.016712188720703,2.8610079288482666,0.6066235303878784,0.0139537369832396,-0.2497762441635131
2025-10-19T15:58:22.614,53695,544859,0,0,0,-11.694381713867188,0.0157143771648406,1.584135890007019,-0.1882771998643875,-0.6785626411437988,0.1052067503333091,-10.80751895904541,4.949387073516846,-0.1879737079143524,-0.6425744891166687,0.5050727128982544,-0.3303855657577514,11.45554542541504,7.526677131652832,2.166689395904541,0.5914351940155029,0.0174177475273609,-0.2543061077594757
2025-10-19T15:58:22.623,53696,544868,0,0,0,-11.873947143554688,0.3916040360927582,1.5769532918930054,-0.1818821132183075,-0.6042196154594421,0.0753629580140113,-10.692597389221191,4.659688949584961,-0.4249996840953827,-0.6484367251396179,0.4789593815803528,-0.2997423708438873,11.283163070678713,7.600897789001465,1.8291070461273191,0.6015607714653015,0.0067592496052384,-0.2527073323726654
2025-10-19T15:58:22.634,53697,544877,0,0,0,-11.871552467346191,0.5208909511566162,1.5721648931503296,-0.1709571480751037,-0.5144217610359192,0.0332618877291679,-10.580069541931152,4.209578990936279,-0.4585184752941131,-0.6662896871566772,0.4853545129299164,-0.27496138215065,11.156270027160645,7.799615859985352,1.8123475313186648,0.5583938360214233,-0.0054980246350169,-0.2511085569858551
2025-10-19T15:58:22.645,53698,544886,0,0,0,-11.840428352355955,0.5639865398406982,1.5434342622756958,-0.1480413675308227,-0.4142318367958069,-0.0123032005503773,-10.61598300933838,3.646941661834717,-0.4130286872386932,-0.6945347189903259,0.4834892749786377,-0.2685662806034088,10.904878616333008,8.438867568969727,1.843472242355347,0.5226878523826599,0.0088909491896629,-0.2233964502811432
2025-10-19T15:58:22.653,53699,544895,0,0,0,-11.634527206420898,0.3963924348354339,1.3447157144546509,-0.1136677116155624,-0.3087127208709717,-0.0496079474687576,-10.455571174621582,3.06754469871521,-0.4489416778087616,-0.6223233342170715,0.4144754707813263,-0.2040823698043823,10.42843246459961,8.960803985595703,2.015854835510254,0.3811963200569153,-0.006297412328422,-0.2002142369747162
2025-10-19T15:58:22.661,53700,544904,0,0,0,-11.538759231567385,0.1402128636837005,1.1483911275863647,-0.0697014033794403,-0.191469207406044,-0.0749218836426734,-10.26403522491455,2.73953914642334,-0.6979386806488037,-0.4150156080722809,0.2196914106607437,-0.0777791589498519,10.181830406188965,9.023053169250488,2.252880573272705,0.1864122301340103,-0.0182882249355316,-0.1701039671897888
2025-10-19T15:58:22.668,53701,544913,0,0,0,-11.567489624023438,-0.1877927780151367,1.0837477445602417,-0.0342618897557258,-0.0577050447463989,-0.088245004415512,-10.261640548706056,2.8089709281921387,-0.6309009790420532,-0.1895883381366729,-0.0081340130418539,0.0277399867773056,10.193800926208496,8.93925666809082,2.5114545822143555,0.0028195874765515,-0.0241503994911909,-0.1312004327774047
2025-10-19T15:58:22.678,53702,544922,0,0,0,-11.581854820251465,-0.4750969707965851,1.2178229093551636,-0.0126784294843673,0.0832536146044731,-0.1018345952033996,-10.431629180908203,3.0603621006011963,-0.2478287518024444,-0.0275791548192501,-0.2268996983766555,0.0935562178492546,10.330270767211914,8.879401206970215,2.781999111175537,-0.0848465636372566,-0.0356082804501056,-0.0819048881530761
2025-10-19T15:58:22.689,53703,544931,0,0,0,-11.759025573730469,-0.6714215278625488,1.3925997018814087,-0.0038851648569107,0.2180836349725723,-0.1124930903315544,-10.604011535644531,3.1417651176452637,0.1328493356704712,0.0315755158662796,-0.3510712087154388,0.1218012347817421,10.43800926208496,8.977563858032227,2.8657963275909424,-0.1117592826485633,-0.0329436585307121,-0.0336751751601696
2025-10-19T15:58:22.698,53704,544940,0,0,0,-12.09900188446045,-0.7480360269546509,1.6008952856063845,-0.0116125792264938,0.3614404201507568,-0.1151577159762382,-10.738086700439451,2.9909300804138184,0.3100202679634094,-0.0297108553349971,-0.3502718210220337,0.1172713711857795,10.576873779296877,9.317540168762209,2.7053847312927246,-0.1072294190526008,-0.0220186989754438,0.0172191560268402
2025-10-19T15:58:22.706,53705,544951,0,0,0,-12.56108283996582,-0.889293909072876,1.7756718397140503,-0.0291991010308265,0.510126531124115,-0.1076967716217041,-11.008631706237791,2.670107126235962,0.2645304203033447,-0.108850210905075,-0.2708660066127777,0.099418394267559,10.727707862854004,9.712583541870115,2.5377907752990723,-0.1098940446972847,-0.0113601991906762,0.0737092047929763
